--
-- PostgreSQL database dump
--

\restrict m5U7wYDxrSTkxVCGkjE9fnp9IkfD5mhlW0ip17FhnBTOW63vLEkqMkdrgbKJwmp

-- Dumped from database version 15.15 (Debian 15.15-1.pgdg13+1)
-- Dumped by pg_dump version 15.15 (Debian 15.15-1.pgdg13+1)

SET statement_timeout = 0;
SET lock_timeout = 0;
SET idle_in_transaction_session_timeout = 0;
SET client_encoding = 'UTF8';
SET standard_conforming_strings = on;
SELECT pg_catalog.set_config('search_path', '', false);
SET check_function_bodies = false;
SET xmloption = content;
SET client_min_messages = warning;
SET row_security = off;

SET default_tablespace = '';

SET default_table_access_method = heap;

--
-- Name: agencies; Type: TABLE; Schema: public; Owner: -
--

CREATE TABLE public.agencies (
    id uuid NOT NULL,
    name text NOT NULL,
    plan_level text,
    is_active boolean NOT NULL,
    created_at timestamp with time zone NOT NULL
);


--
-- Name: auth_group; Type: TABLE; Schema: public; Owner: -
--

CREATE TABLE public.auth_group (
    id integer NOT NULL,
    name character varying(150) NOT NULL
);


--
-- Name: auth_group_id_seq; Type: SEQUENCE; Schema: public; Owner: -
--

ALTER TABLE public.auth_group ALTER COLUMN id ADD GENERATED BY DEFAULT AS IDENTITY (
    SEQUENCE NAME public.auth_group_id_seq
    START WITH 1
    INCREMENT BY 1
    NO MINVALUE
    NO MAXVALUE
    CACHE 1
);


--
-- Name: auth_group_permissions; Type: TABLE; Schema: public; Owner: -
--

CREATE TABLE public.auth_group_permissions (
    id bigint NOT NULL,
    group_id integer NOT NULL,
    permission_id integer NOT NULL
);


--
-- Name: auth_group_permissions_id_seq; Type: SEQUENCE; Schema: public; Owner: -
--

ALTER TABLE public.auth_group_permissions ALTER COLUMN id ADD GENERATED BY DEFAULT AS IDENTITY (
    SEQUENCE NAME public.auth_group_permissions_id_seq
    START WITH 1
    INCREMENT BY 1
    NO MINVALUE
    NO MAXVALUE
    CACHE 1
);


--
-- Name: auth_permission; Type: TABLE; Schema: public; Owner: -
--

CREATE TABLE public.auth_permission (
    id integer NOT NULL,
    name character varying(255) NOT NULL,
    content_type_id integer NOT NULL,
    codename character varying(100) NOT NULL
);


--
-- Name: auth_permission_id_seq; Type: SEQUENCE; Schema: public; Owner: -
--

ALTER TABLE public.auth_permission ALTER COLUMN id ADD GENERATED BY DEFAULT AS IDENTITY (
    SEQUENCE NAME public.auth_permission_id_seq
    START WITH 1
    INCREMENT BY 1
    NO MINVALUE
    NO MAXVALUE
    CACHE 1
);


--
-- Name: auth_user; Type: TABLE; Schema: public; Owner: -
--

CREATE TABLE public.auth_user (
    id integer NOT NULL,
    password character varying(128) NOT NULL,
    last_login timestamp with time zone,
    is_superuser boolean NOT NULL,
    username character varying(150) NOT NULL,
    first_name character varying(150) NOT NULL,
    last_name character varying(150) NOT NULL,
    email character varying(254) NOT NULL,
    is_staff boolean NOT NULL,
    is_active boolean NOT NULL,
    date_joined timestamp with time zone NOT NULL
);


--
-- Name: auth_user_groups; Type: TABLE; Schema: public; Owner: -
--

CREATE TABLE public.auth_user_groups (
    id bigint NOT NULL,
    user_id integer NOT NULL,
    group_id integer NOT NULL
);


--
-- Name: auth_user_groups_id_seq; Type: SEQUENCE; Schema: public; Owner: -
--

ALTER TABLE public.auth_user_groups ALTER COLUMN id ADD GENERATED BY DEFAULT AS IDENTITY (
    SEQUENCE NAME public.auth_user_groups_id_seq
    START WITH 1
    INCREMENT BY 1
    NO MINVALUE
    NO MAXVALUE
    CACHE 1
);


--
-- Name: auth_user_id_seq; Type: SEQUENCE; Schema: public; Owner: -
--

ALTER TABLE public.auth_user ALTER COLUMN id ADD GENERATED BY DEFAULT AS IDENTITY (
    SEQUENCE NAME public.auth_user_id_seq
    START WITH 1
    INCREMENT BY 1
    NO MINVALUE
    NO MAXVALUE
    CACHE 1
);


--
-- Name: auth_user_user_permissions; Type: TABLE; Schema: public; Owner: -
--

CREATE TABLE public.auth_user_user_permissions (
    id bigint NOT NULL,
    user_id integer NOT NULL,
    permission_id integer NOT NULL
);


--
-- Name: auth_user_user_permissions_id_seq; Type: SEQUENCE; Schema: public; Owner: -
--

ALTER TABLE public.auth_user_user_permissions ALTER COLUMN id ADD GENERATED BY DEFAULT AS IDENTITY (
    SEQUENCE NAME public.auth_user_user_permissions_id_seq
    START WITH 1
    INCREMENT BY 1
    NO MINVALUE
    NO MAXVALUE
    CACHE 1
);


--
-- Name: django_admin_log; Type: TABLE; Schema: public; Owner: -
--

CREATE TABLE public.django_admin_log (
    id integer NOT NULL,
    action_time timestamp with time zone NOT NULL,
    object_id text,
    object_repr character varying(200) NOT NULL,
    action_flag smallint NOT NULL,
    change_message text NOT NULL,
    content_type_id integer,
    user_id integer NOT NULL,
    CONSTRAINT django_admin_log_action_flag_check CHECK ((action_flag >= 0))
);


--
-- Name: django_admin_log_id_seq; Type: SEQUENCE; Schema: public; Owner: -
--

ALTER TABLE public.django_admin_log ALTER COLUMN id ADD GENERATED BY DEFAULT AS IDENTITY (
    SEQUENCE NAME public.django_admin_log_id_seq
    START WITH 1
    INCREMENT BY 1
    NO MINVALUE
    NO MAXVALUE
    CACHE 1
);


--
-- Name: django_content_type; Type: TABLE; Schema: public; Owner: -
--

CREATE TABLE public.django_content_type (
    id integer NOT NULL,
    app_label character varying(100) NOT NULL,
    model character varying(100) NOT NULL
);


--
-- Name: django_content_type_id_seq; Type: SEQUENCE; Schema: public; Owner: -
--

ALTER TABLE public.django_content_type ALTER COLUMN id ADD GENERATED BY DEFAULT AS IDENTITY (
    SEQUENCE NAME public.django_content_type_id_seq
    START WITH 1
    INCREMENT BY 1
    NO MINVALUE
    NO MAXVALUE
    CACHE 1
);


--
-- Name: django_migrations; Type: TABLE; Schema: public; Owner: -
--

CREATE TABLE public.django_migrations (
    id bigint NOT NULL,
    app character varying(255) NOT NULL,
    name character varying(255) NOT NULL,
    applied timestamp with time zone NOT NULL
);


--
-- Name: django_migrations_id_seq; Type: SEQUENCE; Schema: public; Owner: -
--

ALTER TABLE public.django_migrations ALTER COLUMN id ADD GENERATED BY DEFAULT AS IDENTITY (
    SEQUENCE NAME public.django_migrations_id_seq
    START WITH 1
    INCREMENT BY 1
    NO MINVALUE
    NO MAXVALUE
    CACHE 1
);


--
-- Name: django_session; Type: TABLE; Schema: public; Owner: -
--

CREATE TABLE public.django_session (
    session_key character varying(40) NOT NULL,
    session_data text NOT NULL,
    expire_date timestamp with time zone NOT NULL
);


--
-- Name: ig_accounts; Type: TABLE; Schema: public; Owner: -
--

CREATE TABLE public.ig_accounts (
    id uuid NOT NULL,
    username text NOT NULL,
    status text NOT NULL,
    session_id text,
    cookies jsonb NOT NULL,
    proxy_host character varying(255) NOT NULL,
    proxy_port integer,
    proxy_user character varying(255) NOT NULL,
    proxy_password character varying(255) NOT NULL,
    created_at timestamp with time zone NOT NULL,
    agency_id uuid,
    CONSTRAINT ig_accounts_proxy_port_check CHECK ((proxy_port >= 0))
);


--
-- Name: interaction_campaigns; Type: TABLE; Schema: public; Owner: -
--

CREATE TABLE public.interaction_campaigns (
    id uuid NOT NULL,
    name character varying(200) NOT NULL,
    action character varying(10) NOT NULL,
    status character varying(10) NOT NULL,
    target_url character varying(200) NOT NULL,
    bot_count integer NOT NULL,
    post_urls jsonb NOT NULL,
    comment_mode character varying(10) NOT NULL,
    manual_comments text NOT NULL,
    ai_persona character varying(255) NOT NULL,
    ai_tone character varying(100) NOT NULL,
    ai_user_prompt text NOT NULL,
    ai_use_image_context boolean NOT NULL,
    ai_provider character varying(20) NOT NULL,
    ollama_model character varying(100) NOT NULL,
    created_at timestamp with time zone NOT NULL,
    started_at timestamp with time zone,
    finished_at timestamp with time zone,
    agency_id uuid NOT NULL,
    CONSTRAINT interaction_campaigns_bot_count_check CHECK ((bot_count >= 0))
);


--
-- Name: interaction_tasks; Type: TABLE; Schema: public; Owner: -
--

CREATE TABLE public.interaction_tasks (
    id uuid NOT NULL,
    action character varying(10) NOT NULL,
    post_url text NOT NULL,
    comment_text text,
    status character varying(15) NOT NULL,
    attempts integer NOT NULL,
    next_retry_at timestamp with time zone,
    error_code character varying(50),
    result_message text,
    created_at timestamp with time zone NOT NULL,
    started_at timestamp with time zone,
    finished_at timestamp with time zone,
    agency_id uuid NOT NULL,
    campaign_id uuid NOT NULL,
    ig_account_id uuid NOT NULL
);


--
-- Name: system_logs; Type: TABLE; Schema: public; Owner: -
--

CREATE TABLE public.system_logs (
    id bigint NOT NULL,
    level character varying(20) NOT NULL,
    message text NOT NULL,
    created_at timestamp with time zone NOT NULL
);


--
-- Name: system_logs_id_seq; Type: SEQUENCE; Schema: public; Owner: -
--

ALTER TABLE public.system_logs ALTER COLUMN id ADD GENERATED BY DEFAULT AS IDENTITY (
    SEQUENCE NAME public.system_logs_id_seq
    START WITH 1
    INCREMENT BY 1
    NO MINVALUE
    NO MAXVALUE
    CACHE 1
);


--
-- Data for Name: agencies; Type: TABLE DATA; Schema: public; Owner: -
--

COPY public.agencies (id, name, plan_level, is_active, created_at) FROM stdin;
1ef5ef2f-2101-4c94-8323-fcdf553853a0	Imported JSON Pool	\N	t	2026-01-08 06:58:41.140852+00
\.


--
-- Data for Name: auth_group; Type: TABLE DATA; Schema: public; Owner: -
--

COPY public.auth_group (id, name) FROM stdin;
\.


--
-- Data for Name: auth_group_permissions; Type: TABLE DATA; Schema: public; Owner: -
--

COPY public.auth_group_permissions (id, group_id, permission_id) FROM stdin;
\.


--
-- Data for Name: auth_permission; Type: TABLE DATA; Schema: public; Owner: -
--

COPY public.auth_permission (id, name, content_type_id, codename) FROM stdin;
1	Can add log entry	1	add_logentry
2	Can change log entry	1	change_logentry
3	Can delete log entry	1	delete_logentry
4	Can view log entry	1	view_logentry
5	Can add permission	3	add_permission
6	Can change permission	3	change_permission
7	Can delete permission	3	delete_permission
8	Can view permission	3	view_permission
9	Can add group	2	add_group
10	Can change group	2	change_group
11	Can delete group	2	delete_group
12	Can view group	2	view_group
13	Can add user	4	add_user
14	Can change user	4	change_user
15	Can delete user	4	delete_user
16	Can view user	4	view_user
17	Can add content type	5	add_contenttype
18	Can change content type	5	change_contenttype
19	Can delete content type	5	delete_contenttype
20	Can view content type	5	view_contenttype
21	Can add session	6	add_session
22	Can change session	6	change_session
23	Can delete session	6	delete_session
24	Can view session	6	view_session
25	Can add agency	7	add_agency
26	Can change agency	7	change_agency
27	Can delete agency	7	delete_agency
28	Can view agency	7	view_agency
29	Can add system log	11	add_systemlog
30	Can change system log	11	change_systemlog
31	Can delete system log	11	delete_systemlog
32	Can view system log	11	view_systemlog
33	Can add ig account	8	add_igaccount
34	Can change ig account	8	change_igaccount
35	Can delete ig account	8	delete_igaccount
36	Can view ig account	8	view_igaccount
37	Can add interaction campaign	9	add_interactioncampaign
38	Can change interaction campaign	9	change_interactioncampaign
39	Can delete interaction campaign	9	delete_interactioncampaign
40	Can view interaction campaign	9	view_interactioncampaign
41	Can add interaction task	10	add_interactiontask
42	Can change interaction task	10	change_interactiontask
43	Can delete interaction task	10	delete_interactiontask
44	Can view interaction task	10	view_interactiontask
\.


--
-- Data for Name: auth_user; Type: TABLE DATA; Schema: public; Owner: -
--

COPY public.auth_user (id, password, last_login, is_superuser, username, first_name, last_name, email, is_staff, is_active, date_joined) FROM stdin;
1	pbkdf2_sha256$1200000$MsD7rZAeI4HK9DLytF1zUa$5g2M8jia6LkzFLm5wMC4K8WzoIyJ9MCwA4pkyEoguic=	2026-01-08 06:59:12.375796+00	t	admin				t	t	2026-01-08 06:56:33.799551+00
\.


--
-- Data for Name: auth_user_groups; Type: TABLE DATA; Schema: public; Owner: -
--

COPY public.auth_user_groups (id, user_id, group_id) FROM stdin;
\.


--
-- Data for Name: auth_user_user_permissions; Type: TABLE DATA; Schema: public; Owner: -
--

COPY public.auth_user_user_permissions (id, user_id, permission_id) FROM stdin;
\.


--
-- Data for Name: django_admin_log; Type: TABLE DATA; Schema: public; Owner: -
--

COPY public.django_admin_log (id, action_time, object_id, object_repr, action_flag, change_message, content_type_id, user_id) FROM stdin;
\.


--
-- Data for Name: django_content_type; Type: TABLE DATA; Schema: public; Owner: -
--

COPY public.django_content_type (id, app_label, model) FROM stdin;
1	admin	logentry
2	auth	group
3	auth	permission
4	auth	user
5	contenttypes	contenttype
6	sessions	session
7	automation	agency
8	automation	igaccount
9	automation	interactioncampaign
10	automation	interactiontask
11	automation	systemlog
\.


--
-- Data for Name: django_migrations; Type: TABLE DATA; Schema: public; Owner: -
--

COPY public.django_migrations (id, app, name, applied) FROM stdin;
1	contenttypes	0001_initial	2026-01-08 06:56:24.432128+00
2	auth	0001_initial	2026-01-08 06:56:24.496481+00
3	admin	0001_initial	2026-01-08 06:56:24.512924+00
4	admin	0002_logentry_remove_auto_add	2026-01-08 06:56:24.520237+00
5	admin	0003_logentry_add_action_flag_choices	2026-01-08 06:56:24.525717+00
6	contenttypes	0002_remove_content_type_name	2026-01-08 06:56:24.541708+00
7	auth	0002_alter_permission_name_max_length	2026-01-08 06:56:24.548763+00
8	auth	0003_alter_user_email_max_length	2026-01-08 06:56:24.555794+00
9	auth	0004_alter_user_username_opts	2026-01-08 06:56:24.561186+00
10	auth	0005_alter_user_last_login_null	2026-01-08 06:56:24.57431+00
11	auth	0006_require_contenttypes_0002	2026-01-08 06:56:24.57647+00
12	auth	0007_alter_validators_add_error_messages	2026-01-08 06:56:24.583871+00
13	auth	0008_alter_user_username_max_length	2026-01-08 06:56:24.593361+00
14	auth	0009_alter_user_last_name_max_length	2026-01-08 06:56:24.601212+00
15	auth	0010_alter_group_name_max_length	2026-01-08 06:56:24.612587+00
16	auth	0011_update_proxy_permissions	2026-01-08 06:56:24.619838+00
17	auth	0012_alter_user_first_name_max_length	2026-01-08 06:56:24.627346+00
18	automation	0001_initial	2026-01-08 06:56:24.686151+00
19	sessions	0001_initial	2026-01-08 06:56:24.701219+00
20	automation	0002_alter_agency_created_at	2026-01-08 06:58:34.662067+00
\.


--
-- Data for Name: django_session; Type: TABLE DATA; Schema: public; Owner: -
--

COPY public.django_session (session_key, session_data, expire_date) FROM stdin;
ete49g7tqek88rxr112l2kitnsaxgbtb	.eJxVjEsOwjAMBe-SNYrshJjPkn3PENmJSwoolZp2hbg7itQFbN_MvLeJvK0lbk2XOGVzNWgOv5twemrtID-43meb5rouk9iu2J02O8xZX7fd_Tso3EqvHTMwjCQByYPq8ewIT5hREwbHAiBjgIQoEC7OI5CXBKSYCMV78_kC1k43Jg:1vdjzE:0DFIyZ3slU4MIcDcK3BsYJwxcJHF3GWucbq_BK2HxKA	2026-01-22 06:59:12.377799+00
\.


--
-- Data for Name: ig_accounts; Type: TABLE DATA; Schema: public; Owner: -
--

COPY public.ig_accounts (id, username, status, session_id, cookies, proxy_host, proxy_port, proxy_user, proxy_password, created_at, agency_id) FROM stdin;
10018039-e11e-408d-9c81-e765c9c35368	_marcosmurillo_	ACTIVE	58588997336%3Alm3hZJCKPfAJc0%3A22%3AAYgrylRgkgI6kHTdQEVRSm-UGl8Wb8n1i-tRw76bVmEs	{"wd": "1536x767", "mid": "aSzT0AAEAAHq2eRjL7Vg7fzyScpU", "rur": "\\"NHA\\\\05458588997336\\\\0541799368025:01fec1b41336c344c4d6389a22332f552d4cdea0e9c589c5333368712974be9712007c58\\"", "datr": "0NMsaW4dryEb_VW67gvZTfF9", "ps_l": "1", "ps_n": "1", "ig_did": "99218345-E753-471F-8553-B386D784556F", "csrftoken": "PrVAvbrEB9ucsLD3z2efFcLeY01wau3s", "sessionid": "58588997336%3Alm3hZJCKPfAJc0%3A22%3AAYgrylRgkgI6kHTdQEVRSm-UGl8Wb8n1i-tRw76bVmEs", "ds_user_id": "58588997336"}		\N			2026-01-08 06:58:41.144871+00	1ef5ef2f-2101-4c94-8323-fcdf553853a0
e672053b-703d-4bcc-9719-1b66b0f0eeba	abigail798754	ACTIVE	78701171903%3Al5lglgvZRcXsNm%3A29%3AAYgKam02XBmZSLe0RWD9NtuHaIilzyDi5q--755BYg	{"wd": "550x960", "mid": "aVXjNgABAAFIcxP76DO7n0P1tNoB", "rur": "\\"VLL\\\\05478701171903\\\\0541798772930:01fed141758510ac80ee3e018cb6cf191927f5be971d218f95877c69ab343ecc00a638d4\\"", "datr": "NuNVaTTSlhEOCDIZJgSd_bbZ", "ps_l": "1", "ps_n": "1", "ig_did": "C251460D-79D1-492F-9F82-2AFA6AF31338", "csrftoken": "LxGVgxI2XbzoU4FX9vafL6cuZd29J0zF", "sessionid": "78701171903%3Al5lglgvZRcXsNm%3A29%3AAYgKam02XBmZSLe0RWD9NtuHaIilzyDi5q--755BYg", "ds_user_id": "78701171903"}		\N			2026-01-08 06:58:41.148507+00	1ef5ef2f-2101-4c94-8323-fcdf553853a0
a04ba56c-54b9-4967-a409-44e449442854	ada226734	ACTIVE	78172183226%3AHGxBc5kt3OIRb0%3A5%3AAYiAXPi37V8oNWDkessrsG_N5cDlldEHkQRQ88Ke4Q	{"wd": "550x960", "mid": "aVS3NgABAAF7m2ds3yXsjer8BXsn", "rur": "\\"RVA\\\\05478172183226\\\\0541798695966:01fed03b63baf7e37c3044c851b67b5dbc5df09a065401a43d039b440d65de70b8e56751\\"", "datr": "NrdUaRYejFkI8vuiJr4uD9V7", "ig_did": "43AF68D3-61D1-4AED-9F7B-424BF65E2834", "csrftoken": "dQMIsyfqdAQvKtvsqT1QdbIXefQoraS2", "sessionid": "78172183226%3AHGxBc5kt3OIRb0%3A5%3AAYiAXPi37V8oNWDkessrsG_N5cDlldEHkQRQ88Ke4Q", "ds_user_id": "78172183226"}		\N			2026-01-08 06:58:41.152053+00	1ef5ef2f-2101-4c94-8323-fcdf553853a0
e9d55dc1-7734-4ff9-84ba-e5f6fe90708a	addison86455	ACTIVE	78157717722%3AkxkQbaYd7UjVMF%3A23%3AAYjj6yd2kTxj2matLvqHIKoWn1OXiLMgR8ADV7RaMA	{"wd": "550x960", "mid": "aVT1eQABAAEe3QR9g9uJBnjWRh9N", "rur": "\\"LDC\\\\05478157717722\\\\0541798711962:01feead3ff545fe291565b5e13583d0557f28352c9f0b892512c51a8ab0b19706fe68eee\\"", "datr": "efVUaVZ1ZB32gmVlfi8O8JOq", "ps_l": "1", "ps_n": "1", "ig_did": "40652CD8-7634-403F-BB78-519D70ECA0C9", "csrftoken": "HdDa4JlDgomQjzqBn5U4Akvdy6QCNHOm", "sessionid": "78157717722%3AkxkQbaYd7UjVMF%3A23%3AAYjj6yd2kTxj2matLvqHIKoWn1OXiLMgR8ADV7RaMA", "ds_user_id": "78157717722"}		\N			2026-01-08 06:58:41.154984+00	1ef5ef2f-2101-4c94-8323-fcdf553853a0
12b589db-51e6-41c8-baa5-ab16d0c239ff	adriana5657061	ACTIVE	79989242406%3ASrvKJdPL3jZB2y%3A16%3AAYgxsKyz_7UCz-Uwt2AWDoBqXwa7yoz4tLMmUKPmyw	{"wd": "550x960", "mid": "aVTargABAAFq--kRAz6IlsKOmMSJ", "rur": "\\"RVA\\\\05479989242406\\\\0541798705023:01fedb160a23cde74189c16b3de989663376e906028bd3676048d018a6b840da7fa889a1\\"", "datr": "rtpUaTsvh-zYJ0-OBdghvc6s", "ig_did": "95911567-3779-4BEB-8D12-73909F8B41C8", "csrftoken": "QWicrMQuIrRyX4EA5ci4FDPYDrtVMpdI", "sessionid": "79989242406%3ASrvKJdPL3jZB2y%3A16%3AAYgxsKyz_7UCz-Uwt2AWDoBqXwa7yoz4tLMmUKPmyw", "ds_user_id": "79989242406"}		\N			2026-01-08 06:58:41.157911+00	1ef5ef2f-2101-4c94-8323-fcdf553853a0
d0a29633-ecd5-42b6-9821-8642860dd2ba	aileen64334	ACTIVE	78438924619%3ALu1nSolSO1itcf%3A22%3AAYg0Nck_ZgpkBZCISnVsRtkFH54oXW75hub7oB_prQ	{"wd": "550x960", "mid": "aVU6fwABAAFwjKGxqmRXgXkgdbCi", "rur": "\\"LDC\\\\05478438924619\\\\0541798729500:01fe5635b502529cc36d00e8947c73b08b4fbe6aa5220363e2df2a3d2e47686db6eb3b40\\"", "datr": "fjpVabq0g4d77_JRklkTkH66", "ig_did": "2AA716F4-003C-4179-A257-E8CCD780570E", "csrftoken": "wZrz7sFZ1SDwfqaVE5rBlLbJaqa7WtMz", "sessionid": "78438924619%3ALu1nSolSO1itcf%3A22%3AAYg0Nck_ZgpkBZCISnVsRtkFH54oXW75hub7oB_prQ", "ds_user_id": "78438924619"}		\N			2026-01-08 06:58:41.160177+00	1ef5ef2f-2101-4c94-8323-fcdf553853a0
0f795961-6bd0-4156-a302-a88318254047	aimee155123	ACTIVE	79980923084%3At4DYkS1OoKY7NA%3A25%3AAYjpRuZ0c6NcWYFOEt1YV-kh66WDTKg2SHIXHBwVEQ	{"wd": "550x960", "mid": "aVS2dAABAAFsf6fvLZJJFyZLRKYU", "rur": "\\"CLN\\\\05479980923084\\\\0541798695780:01fe32809760ea6980e0e6d2218d5e4b5709a6c480a1b18e22fdca6bdefcc92f84b75802\\"", "datr": "dLZUaX2arg1qrS1ftj74dxSu", "ig_did": "BD94C56D-483C-486B-91E8-C9A8A59E6837", "csrftoken": "RRbDXZtqalhHj2qNikCKsInSWyefhD41", "sessionid": "79980923084%3At4DYkS1OoKY7NA%3A25%3AAYjpRuZ0c6NcWYFOEt1YV-kh66WDTKg2SHIXHBwVEQ", "ds_user_id": "79980923084"}		\N			2026-01-08 06:58:41.162265+00	1ef5ef2f-2101-4c94-8323-fcdf553853a0
671290f6-dd20-45b2-8720-c9df059ae5a4	aimee428689	ACTIVE	78702820454%3AaoZWZMmI67q58r%3A28%3AAYg0pOFArxxYKDLgmhPrQrKcXIEevbPxhnKnvEtbkg	{"wd": "550x960", "mid": "aVVM_gABAAEvgou8trLSjWrV9K99", "rur": "\\"CLN\\\\05478702820454\\\\0541798734384:01feb337c97f5bfde7f2448821e7347fe38564a8e4f6c0dd0cc704041a0821385eb30056\\"", "datr": "_kxVaVWBmw9ws6z_sR6k3ZEH", "ig_did": "299EA15A-5900-47CB-9DB2-57C77BE9C060", "csrftoken": "1CqhmoVgnIHwftXJoLLLVZJ6SeZVHyOO", "sessionid": "78702820454%3AaoZWZMmI67q58r%3A28%3AAYg0pOFArxxYKDLgmhPrQrKcXIEevbPxhnKnvEtbkg", "ds_user_id": "78702820454"}		\N			2026-01-08 06:58:41.164344+00	1ef5ef2f-2101-4c94-8323-fcdf553853a0
8d549732-1afb-4d6a-b40f-7047698a880d	alexis605281	ACTIVE	79958845271%3A1pYlwy6W77DdV8%3A26%3AAYg9Dt2AsJKi-EHFauKM38oaJr8j1tx4eraLHjbQ8g	{"wd": "550x960", "mid": "aVY3FwABAAEVXIZg_almj1YnZ33v", "rur": "\\"RVA\\\\05479958845271\\\\0541798794251:01fe65453e84a9afaeadbee199ae483c31e1d7ecfa404c73b655ac0fe50c20fa827c8599\\"", "datr": "FzdWaZ5osTA-PfvYGLw6kRZy", "ig_did": "97FAC88E-5A77-480C-8777-8F25E9B21390", "csrftoken": "96JReMWyLcleHSECp4YBY6haaETH4Mpp", "sessionid": "79958845271%3A1pYlwy6W77DdV8%3A26%3AAYg9Dt2AsJKi-EHFauKM38oaJr8j1tx4eraLHjbQ8g", "ds_user_id": "79958845271"}		\N			2026-01-08 06:58:41.167562+00	1ef5ef2f-2101-4c94-8323-fcdf553853a0
4dbdb34a-8544-4191-84ad-642afcebfdc2	alison67919	ACTIVE	80002369377%3AYEx8tPEtxIAAKh%3A8%3AAYgAUfGikNsZ-ilLMUGpNeQPOWefD7EZ9TBuPhPLsw	{"wd": "550x960", "mid": "aVUQSAABAAEjpqathIGACeknDtgQ", "rur": "\\"NHA\\\\05480002369377\\\\0541798718828:01fe6609fc8d804fe3e04264648760eecc2c0f0302b82ce50b3f7da2c26f6d44cb90016d\\"", "datr": "SBBVaXSmJo9n80XhOPwIMisH", "ig_did": "98689545-8B34-41D0-9F68-DAD36C6D6BD5", "csrftoken": "2PLTRFOSBYTPzWea54EWjJWYfgebfciv", "sessionid": "80002369377%3AYEx8tPEtxIAAKh%3A8%3AAYgAUfGikNsZ-ilLMUGpNeQPOWefD7EZ9TBuPhPLsw", "ds_user_id": "80002369377"}		\N			2026-01-08 06:58:41.16989+00	1ef5ef2f-2101-4c94-8323-fcdf553853a0
a1155711-611b-4639-a103-c59ffefa5b30	amanda476845	ACTIVE	79808465001%3AdatUZlHeqy27jH%3A26%3AAYjq_5Dexwmy0NAubtuGbRasRGeQ2wFmLCUY7vDBfQ	{"wd": "550x960", "mid": "aVY0RgABAAEPzcDPf1qnewuO14wK", "rur": "\\"PRN\\\\05479808465001\\\\0541798793798:01fe08908fce009ba85bbad33f3470d8f91b3c207c25b4a05812f16c1def5656ef3fa514\\"", "datr": "RjRWaX3KE6xMpbW--y_ohNIR", "ps_l": "1", "ps_n": "1", "ig_did": "3A747F47-3F4E-4347-9F94-F89F40934111", "csrftoken": "Oi7EbS1HHt2eiN6pOht3GfMlpOtr2CRo", "sessionid": "79808465001%3AdatUZlHeqy27jH%3A26%3AAYjq_5Dexwmy0NAubtuGbRasRGeQ2wFmLCUY7vDBfQ", "ds_user_id": "79808465001"}		\N			2026-01-08 06:58:41.172222+00	1ef5ef2f-2101-4c94-8323-fcdf553853a0
84ac7652-bebe-4fa1-b93d-4d1414579719	amber436323	ACTIVE	78430220017%3AiQF0eUOzPtnjUf%3A9%3AAYgB4Jly07aKk5MtNKTs4-_rwXohOqz5m0VqP7ajxQ	{"wd": "550x960", "mid": "aVT_agABAAGKkDdR3KbSvG9BCWEZ", "rur": "\\"LDC\\\\05478430220017\\\\0541798714434:01fe70df27cd5fcece8bfd6477aa71821a9e9fde0ec00c7914ebea48f97f2027de2308e4\\"", "datr": "av9UaSntdr131_QRUQYXr1_I", "ig_did": "7A5935D6-0639-485F-A243-46C419E7A4AE", "csrftoken": "hW7RQGXBIdaim4xwO5matJavES5IlFVX", "sessionid": "78430220017%3AiQF0eUOzPtnjUf%3A9%3AAYgB4Jly07aKk5MtNKTs4-_rwXohOqz5m0VqP7ajxQ", "ds_user_id": "78430220017"}		\N			2026-01-08 06:58:41.174135+00	1ef5ef2f-2101-4c94-8323-fcdf553853a0
a66ca503-f636-409f-9127-e0853bea6a89	amelia3887679	ACTIVE	80010352918%3AI0FlDoUBbt53Of%3A15%3AAYhB0ujeN-DWSxJDI3mSiBY5BUVVF-OdOHkRogsUqw	{"wd": "550x960", "mid": "aVX-7QABAAFsVf7xNddAA9SrI3lG", "rur": "\\"RVA\\\\05480010352918\\\\0541798780049:01fece5e3773c1a43e2a5a17c706436477ade96d8cdb3070e8191a14fc12158e69cee716\\"", "datr": "7f5VaUMedW8DzSqEl-HYLfr7", "ig_did": "A122C558-8FCE-4A1A-9934-28B05FC6D735", "csrftoken": "2D0Bcsr9KUi6B7ZDoSxrJQToz0GieOd7", "sessionid": "80010352918%3AI0FlDoUBbt53Of%3A15%3AAYhB0ujeN-DWSxJDI3mSiBY5BUVVF-OdOHkRogsUqw", "ds_user_id": "80010352918"}		\N			2026-01-08 06:58:41.17614+00	1ef5ef2f-2101-4c94-8323-fcdf553853a0
c85afff6-2d75-401d-8f58-f58d6429e5c8	angelina696171	ACTIVE	78149132772%3A8zGSlWJEwNLbwU%3A29%3AAYjeCl6FmgF_XMMEUumDwjA5ov_txkbb_5LrJ9dmRQ	{"wd": "550x960", "mid": "aVXJNwABAAENTk46mD3l1I8ghK2u", "rur": "\\"CCO\\\\05478149132772\\\\0541798766278:01feabe869dac8b67207d5d910f781852fea7c9d70de981cd58b86a67785a7ab40dd1dcd\\"", "datr": "N8lVaT34zqCAAV51xocv6BG5", "ps_l": "1", "ps_n": "1", "ig_did": "10313F70-D92A-4FBF-995A-4C7DCA40175E", "csrftoken": "PUrfWnCJacNwiItxKvdCVMXMSnDl8H4b", "sessionid": "78149132772%3A8zGSlWJEwNLbwU%3A29%3AAYjeCl6FmgF_XMMEUumDwjA5ov_txkbb_5LrJ9dmRQ", "ds_user_id": "78149132772"}		\N			2026-01-08 06:58:41.178318+00	1ef5ef2f-2101-4c94-8323-fcdf553853a0
d0c360d0-058c-4cb9-9f23-7702328599e3	angelina975044	ACTIVE	78182279371%3A4KpoQ5vqscro9s%3A6%3AAYgrwmNUUXrUx_7EanpthdBpNLBUSuPTWt9yJ-FX9g	{"wd": "550x960", "mid": "aVYxIwABAAEe5hFZeNTxDtA4G2Pa", "rur": "\\"RVA\\\\05478182279371\\\\0541798792693:01fe89136c1089f7ce99244f3cc2747dc09ab234fbdf31c7c3b2653d38a450901b87afaf\\"", "datr": "5zBWaQUB2VwIUuLQaGaQ_ZX4", "ps_l": "1", "ps_n": "1", "ig_did": "4F763DB8-0CB3-4856-8A90-9AA935BEEE3E", "csrftoken": "GP5psNbufrodhvVWV4AwXPqusoK02R9e", "sessionid": "78182279371%3A4KpoQ5vqscro9s%3A6%3AAYgrwmNUUXrUx_7EanpthdBpNLBUSuPTWt9yJ-FX9g", "ds_user_id": "78182279371"}		\N			2026-01-08 06:58:41.180303+00	1ef5ef2f-2101-4c94-8323-fcdf553853a0
077eae62-ae8a-4ee2-bb56-b78e50578e53	anita814792	ACTIVE	79790244956%3AkFsST9YXRl8CUb%3A14%3AAYjY4d2syy7DoHqN-xcMTRlZKxAk76wikXJSCafLsQ	{"wd": "550x960", "mid": "aVXdQQABAAG-HPY6SIQt4UDgi2hc", "rur": "\\"LDC\\\\05479790244956\\\\0541798771316:01fea82a239e5aa56f93ce8cc8188559651cc70aeff655a16d4e56b8da9186d4e0e7f5cd\\"", "datr": "Qd1VaeaBfly_OGaduIz5Ez67", "ig_did": "495A3404-9844-41C7-9468-2AFC805CE9D3", "csrftoken": "sBpj71qQqYr21iJGm5Wltj7pUb550AVB", "sessionid": "79790244956%3AkFsST9YXRl8CUb%3A14%3AAYjY4d2syy7DoHqN-xcMTRlZKxAk76wikXJSCafLsQ", "ds_user_id": "79790244956"}		\N			2026-01-08 06:58:41.182774+00	1ef5ef2f-2101-4c94-8323-fcdf553853a0
ab835268-5dc8-40a6-bacc-bcb476bd5579	anna569634	ACTIVE	78122042743%3AwBfiklDPc5K3DJ%3A5%3AAYgMtj243dFy6ZqtiT3g3AJHiihj_ttGkBUMmUFi7A	{"wd": "550x960", "mid": "aVS6hQABAAFledqFh3fJU6CGG5IW", "rur": "\\"NCG\\\\05478122042743\\\\0541798696922:01fe00b635853af900578fdae43d8ecfab173041fe3a570e7f0c1ddb8abad7b5d39ea2b5\\"", "datr": "hbpUaSmso-Fr6bmiPavaT0kt", "ps_l": "1", "ps_n": "1", "ig_did": "3F4CCE89-C334-4034-AD86-A70FA32E7019", "csrftoken": "7HiDbTcq18N6l3fgPtATXlV3y42m6l26", "sessionid": "78122042743%3AwBfiklDPc5K3DJ%3A5%3AAYgMtj243dFy6ZqtiT3g3AJHiihj_ttGkBUMmUFi7A", "ds_user_id": "78122042743"}		\N			2026-01-08 06:58:41.185083+00	1ef5ef2f-2101-4c94-8323-fcdf553853a0
b73aa2f5-e4f0-4a31-bb7c-cb8f76c0f13e	annabelle322044	ACTIVE	78180367503%3AjKgcOZzmNONoYb%3A3%3AAYg5Eo_w6s6Vtu1qaB3eC203GYDpV-PbnlNU7-I7xg	{"wd": "550x960", "mid": "aVTXLAABAAGiKm3fgK5-cBz5KqvM", "rur": "\\"LDC\\\\05478180367503\\\\0541798704110:01fee98d0d9d34abe269f01102d5b405dd0b50672cda088d3e3bc374433eca12eb919fd1\\"", "datr": "LNdUaf6aRhmqLTNxJ7v9qF1z", "ps_l": "1", "ps_n": "1", "ig_did": "918076CE-5773-4E06-AA07-35BA50D50147", "csrftoken": "unXEYvk65f5mVNMymq75I9BxFGBH9Ehk", "sessionid": "78180367503%3AjKgcOZzmNONoYb%3A3%3AAYg5Eo_w6s6Vtu1qaB3eC203GYDpV-PbnlNU7-I7xg", "ds_user_id": "78180367503"}		\N			2026-01-08 06:58:41.187264+00	1ef5ef2f-2101-4c94-8323-fcdf553853a0
07c8965e-c58e-48a9-8213-718f9144ca1b	anne62268	ACTIVE	79953317801%3AJ376otlWLt5PIo%3A19%3AAYgn5WxWM8VkPbNm8oV4FfGKYmmanMGHrP-w4cwCqg	{"wd": "550x960", "mid": "aVXmNAABAAHzHBVJ9zJWWIG8AtwP", "rur": "\\"CLN\\\\05479953317801\\\\0541798773749:01fe2bf7eb96afc698a5df51a1b26712fd97dff4b7879f6299c5c005c4056c9b831d4734\\"", "datr": "NOZVaX023KW2PVxe_NNHBtx8", "ig_did": "B47A8FF0-CCBD-48FC-8F2B-12E5CE7655D2", "csrftoken": "hw9BDhF2sGIdaL6f4MyJ9Ptgce6mGVCz", "sessionid": "79953317801%3AJ376otlWLt5PIo%3A19%3AAYgn5WxWM8VkPbNm8oV4FfGKYmmanMGHrP-w4cwCqg", "ds_user_id": "79953317801"}		\N			2026-01-08 06:58:41.189339+00	1ef5ef2f-2101-4c94-8323-fcdf553853a0
08001ff4-91e0-4bce-86d8-2fdf817d6df1	annette81295	ACTIVE	80162080194%3AkevosIKz0PYnra%3A8%3AAYhpNnPJJeo60Jv_P7dHPAzHLPwv1tedt6qzv4FMwQ	{"wd": "550x960", "mid": "aVVAgwABAAHsdoh0xP5n2uBhFi2m", "rur": "\\"CLN\\\\05480162080194\\\\0541798731083:01fe750502532bc2a288a20dad0dfe9b11f27c2a7b9b172c7c7731a89844115ecf169822\\"", "datr": "g0BVaVG8SIdigq1QS0k1gYbB", "ig_did": "31FA1117-6957-42E6-A727-5CFF66CF2F90", "csrftoken": "yqO1fOWUahpC9WwoxS00Acjo7IUAz9aV", "sessionid": "80162080194%3AkevosIKz0PYnra%3A8%3AAYhpNnPJJeo60Jv_P7dHPAzHLPwv1tedt6qzv4FMwQ", "ds_user_id": "80162080194"}		\N			2026-01-08 06:58:41.191319+00	1ef5ef2f-2101-4c94-8323-fcdf553853a0
d35b8224-4b78-4173-8ff4-6f38c0bc8d2b	april939284	ACTIVE	79789373651%3APJn8pHzQItadu8%3A1%3AAYgl2SphO-0ufoq0PYOFCAHxjcfSltDWXR3R65ZB0w	{"wd": "550x960", "mid": "aVXBTQABAAFLocLaTcftOdcGpG9y", "rur": "\\"CCO\\\\05479789373651\\\\0541798764496:01feaca6a037454b77b1d5ee9b6a975b98f0ac09aa2f47ef4c3fcf13224e8aa0e2eaa6cf\\"", "datr": "TcFVaWtRXQgMWMrzF2aLJwRE", "ps_l": "1", "ps_n": "1", "ig_did": "DEF647DA-8C4E-4378-A237-DEBE43B38BA7", "csrftoken": "MkWE1fzD6B3fj3JI5AxjJO1RNav15SiU", "sessionid": "79789373651%3APJn8pHzQItadu8%3A1%3AAYgl2SphO-0ufoq0PYOFCAHxjcfSltDWXR3R65ZB0w", "ds_user_id": "79789373651"}		\N			2026-01-08 06:58:41.193288+00	1ef5ef2f-2101-4c94-8323-fcdf553853a0
95926066-a861-4e8a-8763-9994bfca4c12	arabella54475	ACTIVE	78444900985%3AFziY44kOm2w2O1%3A26%3AAYiixwkZlZYnyuoBlW9U6yA3vQodFkJJGNiUYoC78Q	{"wd": "550x960", "mid": "aVXPlAABAAF7jc5YbMtwMa5pv6SU", "rur": "\\"LLA\\\\05478444900985\\\\0541798767701:01fee5236d32fa91eb975df35647e7a9bf7dfb72539915e0c05f756955faf5abdeb6979f\\"", "datr": "lM9VaXRD9UVKh7bAJAfxLCE5", "ig_did": "8D801356-246B-4C81-8E91-6C88A2ECE6EF", "csrftoken": "Fy9KDpi7Sd7nPUeIHvDkHpINlvbi9LPJ", "sessionid": "78444900985%3AFziY44kOm2w2O1%3A26%3AAYiixwkZlZYnyuoBlW9U6yA3vQodFkJJGNiUYoC78Q", "ds_user_id": "78444900985"}		\N			2026-01-08 06:58:41.195188+00	1ef5ef2f-2101-4c94-8323-fcdf553853a0
c58ce201-3517-4179-aec5-baba92405794	ariel88906	ACTIVE	79796449928%3AprUa6KdhwwGQUF%3A0%3AAYhEu8O2uVL2Y29flIO26tPV7mZZ6UZ9xcQBSObUyA	{"wd": "550x960", "mid": "aVYm0QABAAFS8x5MRUDjn7F9Z--p", "rur": "\\"ATG\\\\05479796449928\\\\0541798790112:01fe9192237d327f8f6373c16f6f2a4db2f0e9d9685345ea0a686b866ea5d9133500afae\\"", "datr": "0SZWadmIEkWzPT0LQCJIO9NH", "ig_did": "AEB61E2B-4BAA-4D20-A775-3CDB6000EA4D", "csrftoken": "D5TDHRohRRTAEO8oVTWTgIw5XhPxUzuk", "sessionid": "79796449928%3AprUa6KdhwwGQUF%3A0%3AAYhEu8O2uVL2Y29flIO26tPV7mZZ6UZ9xcQBSObUyA", "ds_user_id": "79796449928"}		\N			2026-01-08 06:58:41.197541+00	1ef5ef2f-2101-4c94-8323-fcdf553853a0
ff5fab55-5b28-43bc-9da9-1bd9b8f695a2	aurora95877	ACTIVE	79934143122%3AP83jwU8eR1LxUZ%3A2%3AAYh8xt75O8Rqvsh5Z7Q_moqtVT2hh30bfYMyTjNaqg	{"wd": "550x960", "mid": "aVU6wgABAAH_npHNTCTpUC8-Dz3_", "rur": "\\"LDC\\\\05479934143122\\\\0541798729628:01fecaf0621a76e33bf768567ed5078784b2252ec395966838230a1ab6d15292092f8ab2\\"", "datr": "wjpVaS4OyFmKS86OxmecW38v", "ig_did": "C15568FF-C471-4CED-ADEC-FC80ED8D18AB", "csrftoken": "dAGKmdvKEZuvQfMk18U4AHcM2EDiJU4e", "sessionid": "79934143122%3AP83jwU8eR1LxUZ%3A2%3AAYh8xt75O8Rqvsh5Z7Q_moqtVT2hh30bfYMyTjNaqg", "ds_user_id": "79934143122"}		\N			2026-01-08 06:58:41.199934+00	1ef5ef2f-2101-4c94-8323-fcdf553853a0
eed28de7-3166-4512-81bf-4b464832d2b9	becky506500	ACTIVE	79663365364%3AsLZF0ePV5BABEN%3A6%3AAYjn2uuTAm-FBjSAVXN6oMKsLpJ1Z4skIEAZZ9VARg	{"wd": "550x960", "mid": "aVT6jwABAAF5tpTg82YhtbCj81EZ", "rur": "\\"EAG\\\\05479663365364\\\\0541798713280:01fe88fcfde80afacf689c55a3b9c152b4147f4601fbe281a24c52a2d3c5d8a60c39ed72\\"", "datr": "j_pUaSCW2h16MA5cUPV_LA6k", "ig_did": "0E1DF374-B502-498D-AC9F-8833FA15AAEB", "csrftoken": "IFx9uhcrLk9ZUv76cEMOt6h3QhMASQ1Q", "sessionid": "79663365364%3AsLZF0ePV5BABEN%3A6%3AAYjn2uuTAm-FBjSAVXN6oMKsLpJ1Z4skIEAZZ9VARg", "ds_user_id": "79663365364"}		\N			2026-01-08 06:58:41.201999+00	1ef5ef2f-2101-4c94-8323-fcdf553853a0
2d94abff-6025-47e9-9049-d3090fde0abf	bella1295725	ACTIVE	79978371621%3AhGOd3YCYLtO4Hx%3A5%3AAYguYbSBSEN4dojg82W0VpSD04EEpUgAofcd_jJGeg	{"wd": "550x960", "mid": "aVXKwwABAAFsMEIEJ1Jm4w8sJqF-", "rur": "\\"CLN\\\\05479978371621\\\\0541798766554:01fe4b1e59627deeea55120d20148bdf0623fc35f8bd2dc4fcf2066d8640d8b3a12dc5e4\\"", "datr": "w8pVaQhSOK3yfLRlSAwiFeY1", "ig_did": "F52DAB14-794E-47CA-9144-A1031EF98963", "csrftoken": "2JqbMeCDnBCH9S5PwQIshLdP0HnxmJPE", "sessionid": "79978371621%3AhGOd3YCYLtO4Hx%3A5%3AAYguYbSBSEN4dojg82W0VpSD04EEpUgAofcd_jJGeg", "ds_user_id": "79978371621"}		\N			2026-01-08 06:58:41.203998+00	1ef5ef2f-2101-4c94-8323-fcdf553853a0
cc457437-5043-46da-88fe-cc4dea417692	bernice21157	ACTIVE	80011024652%3Av66DxmEvk2qwYS%3A2%3AAYg8jXVLKXd1mYj5kt99mKoedeB770bYnZV8xSAhdw	{"wd": "550x960", "mid": "aVTlDQABAAGm9NmeVrzcPCqA1XWT", "rur": "\\"CLN\\\\05480011024652\\\\0541798707679:01fe491e0b17ff435b44882d1a8e0645ecfc95b5d28f93a8bf2d759ff7bc8834f1f1a547\\"", "datr": "DeVUaUPkrKJQb7XZkqp-FV5V", "ig_did": "C196A73C-5C67-4C00-9772-B9B3CDCFDDBC", "csrftoken": "j0BR03qZPHJRIo4NU9NNEEzZ4B2ihUWt", "sessionid": "80011024652%3Av66DxmEvk2qwYS%3A2%3AAYg8jXVLKXd1mYj5kt99mKoedeB770bYnZV8xSAhdw", "ds_user_id": "80011024652"}		\N			2026-01-08 06:58:41.205999+00	1ef5ef2f-2101-4c94-8323-fcdf553853a0
18a1c23f-f249-4654-a618-22d1e6dd5dad	beryl943298	ACTIVE	78168286233%3AR1uLiBg1giP7P0%3A5%3AAYhSL-cRGH0gdexa7irj-kaFVahmv-fZwKm3-QV8TQ	{"wd": "550x960", "mid": "aVXyYwABAAF9xSsG7q3Ionu22Ji3", "rur": "\\"NHA\\\\05478168286233\\\\0541798776944:01fe98433501b0aba46a0effd95d78feb9502951ab545d8c7fc0d435151773e99d5ab6d3\\"", "datr": "Y_JVabaijMKD-2OdykNtq3Qx", "ig_did": "556BE502-2E4F-4AF6-AA0E-C0DA7EFCD4B7", "csrftoken": "kUO1XR2xv9WUgnL2zOEaq1UeMUyoJdVf", "sessionid": "78168286233%3AR1uLiBg1giP7P0%3A5%3AAYhSL-cRGH0gdexa7irj-kaFVahmv-fZwKm3-QV8TQ", "ds_user_id": "78168286233"}		\N			2026-01-08 06:58:41.207894+00	1ef5ef2f-2101-4c94-8323-fcdf553853a0
f9008d74-6ee5-4342-999d-a7be79dde9cc	beryl96186	ACTIVE	79800641429%3AQdiC3UV63V5dqJ%3A26%3AAYjHlCOjx6dem6mIvT2Q6QroaJQIg0mR_z03B4WcuA	{"wd": "550x960", "mid": "aVVaNgABAAGvGSiOLL1M9TFr43_H", "rur": "\\"CLN\\\\05479800641429\\\\0541798737659:01fead62c06d5cd176749585caa69e0618f13d3b521bced42de7ee4c9e1b346f92d193d4\\"", "datr": "NlpVaR4ZdpYGbNop374zRkBl", "ig_did": "D5A84AD6-00F6-421D-9A8C-DD4AE278C746", "csrftoken": "HcubV10sbVMqzykm4rDKc8jOfL60vGrk", "sessionid": "79800641429%3AQdiC3UV63V5dqJ%3A26%3AAYjHlCOjx6dem6mIvT2Q6QroaJQIg0mR_z03B4WcuA", "ds_user_id": "79800641429"}		\N			2026-01-08 06:58:41.209769+00	1ef5ef2f-2101-4c94-8323-fcdf553853a0
5121ecc5-6909-4d70-9dc4-6bb5f139f2ac	bianca752946	ACTIVE	79977147523%3AHeDmNokyOAnErL%3A11%3AAYhDwP0JwO_LLBH_7XA0wXxZXr6W8u5avN2L6BSamg	{"wd": "550x960", "mid": "aVUSnQABAAE3AC2cnm4qYuB9AsUg", "rur": "\\"PRN\\\\05479977147523\\\\0541798719427:01fe702493c67ef96173b5ea7c8e3eb61c47f8ee8928df498cea816f25edd7490ef67612\\"", "datr": "nRJVaXngwfQOgBXX3H2xFQ30", "ps_l": "1", "ps_n": "1", "ig_did": "CA42124B-F63D-4ADB-8647-2C23443189D3", "csrftoken": "WJePm3TNlUSriixhkbYssjhUn17HV9GP", "sessionid": "79977147523%3AHeDmNokyOAnErL%3A11%3AAYhDwP0JwO_LLBH_7XA0wXxZXr6W8u5avN2L6BSamg", "ds_user_id": "79977147523"}		\N			2026-01-08 06:58:41.211489+00	1ef5ef2f-2101-4c94-8323-fcdf553853a0
fcec8182-e818-4aca-ae47-45c0cd66c0e5	brianna905361	ACTIVE	79949565631%3AHW3Zz8W3Fd5ERx%3A27%3AAYg_rD40pg5cwkHpBGuzSwwt2xXsI117VFVUPUZZRQ	{"wd": "550x960", "mid": "aVTDNQABAAHjSNoguDwzeidEhtFA", "rur": "\\"NHA\\\\05479949565631\\\\0541798699276:01fe5ec51ac8ab93b0b1282fba5cedf92b4c4ec5a24902cd2f31dbf337a891b7f3f2005b\\"", "datr": "NcNUaQxWzK6D-hurdpySn-r_", "ig_did": "B6696A57-2037-48D7-89DF-DB1ED5F9DD07", "csrftoken": "qJUJMF8ybSg8NyC4cG5bFSL9k0G6EfC3", "sessionid": "79949565631%3AHW3Zz8W3Fd5ERx%3A27%3AAYg_rD40pg5cwkHpBGuzSwwt2xXsI117VFVUPUZZRQ", "ds_user_id": "79949565631"}		\N			2026-01-08 06:58:41.213221+00	1ef5ef2f-2101-4c94-8323-fcdf553853a0
9980bc60-49d9-43c7-a337-6fa36d8e07f4	bridget78057	ACTIVE	80001489522%3AApcxTLLDaNg64D%3A16%3AAYh4CEdFQkCdqBYQnpgEMnOacUxHqxqtNS78O3fI3A	{"wd": "550x960", "mid": "aVVEfQABAAHL7ICC9LCf1IJcm9dI", "rur": "\\"RVA\\\\05480001489522\\\\0541798732101:01fe8c52bbc4b7c079d7d8004dbad74cb0c73b9c64f2476d784305d5b623ac4bc6f8d585\\"", "datr": "fURVaUGbib4hDdybSXsF3rWI", "ig_did": "E04C489B-E4BC-4C47-8D60-9947D17236C5", "csrftoken": "SrvW5wXBJKeiRaRa2O0CqqOkTxzo0ySj", "sessionid": "80001489522%3AApcxTLLDaNg64D%3A16%3AAYh4CEdFQkCdqBYQnpgEMnOacUxHqxqtNS78O3fI3A", "ds_user_id": "80001489522"}		\N			2026-01-08 06:58:41.215122+00	1ef5ef2f-2101-4c94-8323-fcdf553853a0
cbe00270-304f-4ac0-b3fd-e5ecdb62a8ae	brittany95898	ACTIVE	78152477078%3AjzKQfe8MEsgQEb%3A1%3AAYhIG1C10BaGnvrVgYMLA42vT5HTXKTXlYJt7sVBlQ	{"wd": "550x960", "mid": "aVXW6QABAAHC8VGuyxnh85o4U_II", "rur": "\\"EAG\\\\05478152477078\\\\0541798769856:01fec2e7edf09347284a8881db45ee313eebb74238662c5688abdfafa02d5ac5bd22a906\\"", "datr": "6NZVaUi5dcRTkLLTp8BNJ3Co", "ig_did": "22416560-89D5-4F08-8750-D2AFF541D7A2", "csrftoken": "BJE95OdyFUzjIrxy4wO9lxIcFsQWbK8P", "sessionid": "78152477078%3AjzKQfe8MEsgQEb%3A1%3AAYhIG1C10BaGnvrVgYMLA42vT5HTXKTXlYJt7sVBlQ", "ds_user_id": "78152477078"}		\N			2026-01-08 06:58:41.217293+00	1ef5ef2f-2101-4c94-8323-fcdf553853a0
1523fc83-6e9c-4adb-ba5f-68a3dab44d27	caitlin12211	ACTIVE	79982482948%3AwtQbV2JLjsIlVK%3A9%3AAYgzljheCeqcK934i0hYuOpOYzoiT1X4K8_xrDuApw	{"wd": "550x960", "mid": "aVUgOwABAAHehVHVmPrMb1p59GoI", "rur": "\\"PRN\\\\05479982482948\\\\0541798722879:01fe7b9b6231d43a1b0a617470068f0f21bfabc4062441ff6998315475bfc26b0433e248\\"", "datr": "OiBVaTmAW288Ktwx8h6WxH56", "ig_did": "D826A8A2-1FBA-41CA-B072-25EB88007017", "csrftoken": "Lj76feWRiQA6MkRsOkxDP4IxmS7EWNRE", "sessionid": "79982482948%3AwtQbV2JLjsIlVK%3A9%3AAYgzljheCeqcK934i0hYuOpOYzoiT1X4K8_xrDuApw", "ds_user_id": "79982482948"}		\N			2026-01-08 06:58:41.219025+00	1ef5ef2f-2101-4c94-8323-fcdf553853a0
385a07f1-6278-497b-bbdb-8220c8760a4a	carly24860	ACTIVE	80021576097%3AIC9qRAbXgyqasW%3A6%3AAYgpNe6CBxgu5Au9EynySuqohn0xhMQn0eKEnSkcKA	{"wd": "550x960", "mid": "aVYE_QABAAFXaHPnYIWnjz0noGe5", "rur": "\\"CLN\\\\05480021576097\\\\0541798781416:01fe13da3ba1debc15bf3176c96fd84bae3bbb04a24ba5b5529fb510427f217ca7013a68\\"", "datr": "_QRWaUEhJVxDRpvhOwUD2fwC", "ig_did": "B1E8D5DE-4115-40E5-9C52-E4B7AE958440", "csrftoken": "W06qL5FmHmNIZHPKGOh9zEH3Mn5UdvSr", "sessionid": "80021576097%3AIC9qRAbXgyqasW%3A6%3AAYgpNe6CBxgu5Au9EynySuqohn0xhMQn0eKEnSkcKA", "ds_user_id": "80021576097"}		\N			2026-01-08 06:58:41.220775+00	1ef5ef2f-2101-4c94-8323-fcdf553853a0
570e52c3-8523-4c37-84d1-4cc783402f52	carmen432394	ACTIVE	79662405589%3ASZDj28WU9mfmUT%3A12%3AAYil65jBU7oE82SuuQdBWCJe9GS0J8kCFHUB8x6NYQ	{"wd": "550x960", "mid": "aVYMfgABAAHDwOAvMGF94JSXRrIc", "rur": "\\"RVA\\\\05479662405589\\\\0541798783719:01fee2213d81b24ebf3693dc026076bff6630ad34de62a1845ca8739a2afa33f2cf7d944\\"", "datr": "fgxWaeHq6uN_l5UY_MyHNkeM", "ig_did": "C212B575-F801-4969-A720-FD2C88D731A8", "csrftoken": "zx5ceZJdGtEn1TRT9BSzK5Swtbt3udgA", "sessionid": "79662405589%3ASZDj28WU9mfmUT%3A12%3AAYil65jBU7oE82SuuQdBWCJe9GS0J8kCFHUB8x6NYQ", "ds_user_id": "79662405589"}		\N			2026-01-08 06:58:41.222477+00	1ef5ef2f-2101-4c94-8323-fcdf553853a0
ec10e49c-a403-4ad3-867f-47b55fd218e6	carmen84537	ACTIVE	79959052909%3AAEmRjxt7AXWhjK%3A16%3AAYiPYxAtugH9tmIeZgGwqETVyxSsARZ9Gdp2CydNkg	{"wd": "550x960", "mid": "aVTykQABAAFmaY90IcdMKVO3pKWm", "rur": "\\"NHA\\\\05479959052909\\\\0541798711208:01fecc14bb2e887e93ff5613af4554ecd61356d98dcbe3ce7f0cc58cfc0e69f2a938450e\\"", "datr": "kfJUaS5OhgLmaGLciv5qpaKa", "ig_did": "ED1C6B4A-A3F2-4863-848F-62FE909D8B57", "csrftoken": "1dN8sZLEDYGpTCJCJIaJhno6hErPKbwu", "sessionid": "79959052909%3AAEmRjxt7AXWhjK%3A16%3AAYiPYxAtugH9tmIeZgGwqETVyxSsARZ9Gdp2CydNkg", "ds_user_id": "79959052909"}		\N			2026-01-08 06:58:41.224172+00	1ef5ef2f-2101-4c94-8323-fcdf553853a0
512ff8d5-4a68-495c-82b0-456ffa2957e0	carol8055898	ACTIVE	80005777266%3AxS08D2b1ooEz4K%3A15%3AAYhFKxfZjduk2Kx0wT5DETL_YUoTGxu2Xv6LbnMRjg	{"wd": "550x960", "mid": "aVYBIAABAAEl19vHdV_t56O5T_Eo", "rur": "\\"NCG\\\\05480005777266\\\\0541798780580:01fe9ed9d048cce3493d42828bbe8975a0be4902287db18e4278f5d9db2f0f9285b2a606\\"", "datr": "IAFWaTTFzphIr4F_k4qAYoCR", "ps_l": "1", "ps_n": "1", "ig_did": "3FCDC6AB-9589-4AC1-916F-CA1F63E59CD9", "csrftoken": "MRtYgTVqgPiBxJtzFEVQaFHzSfGRpWpT", "sessionid": "80005777266%3AxS08D2b1ooEz4K%3A15%3AAYhFKxfZjduk2Kx0wT5DETL_YUoTGxu2Xv6LbnMRjg", "ds_user_id": "80005777266"}		\N			2026-01-08 06:58:41.225872+00	1ef5ef2f-2101-4c94-8323-fcdf553853a0
2c05691e-c63e-4b79-a5c7-c8765a92b3b3	caroline197939	ACTIVE	80162664345%3AymXMZPokQCxPhM%3A23%3AAYiDSI5ohHkzL1Mc5dNWC1ipwdpC_Q5u-mj_mLhcLA	{"wd": "550x960", "mid": "aVYDEgABAAEpy6NMssNVFCg0aUYd", "rur": "\\"CLN\\\\05480162664345\\\\0541798781118:01fe1c2ee6ab6196171216f1b3d999db0d82303092fb33eda70b574ff97b8fc848257533\\"", "datr": "EgNWaR7pky2tZelkNTTRK3E2", "ig_did": "B3F61CDF-8074-4C75-8CAF-535020B8FE6D", "csrftoken": "5aBjRQVs9MehKIu8OICUG3L5ik7spCru", "sessionid": "80162664345%3AymXMZPokQCxPhM%3A23%3AAYiDSI5ohHkzL1Mc5dNWC1ipwdpC_Q5u-mj_mLhcLA", "ds_user_id": "80162664345"}		\N			2026-01-08 06:58:41.227692+00	1ef5ef2f-2101-4c94-8323-fcdf553853a0
7557152c-0d4c-4181-95ff-a6afc214a0f8	carrie43819	ACTIVE	79995122183%3A1a2oHxPtVNEiaA%3A18%3AAYjG1-hxnl4rUbWaSSUaVrr2JvR8AIZXzi49L7RyXA	{"wd": "550x960", "mid": "aVYflgABAAHB2Z1T4KK7Lnrui-xr", "rur": "\\"RVA\\\\05479995122183\\\\0541798788623:01feef659f61718664e74f4015771291035dd8bb7b06616d87a165ce4da91fff3eca6939\\"", "datr": "lh9Wae8gnwboHdFnrLbHykb6", "ig_did": "32DD6590-DECB-48FC-A108-DCD6DB94DC66", "csrftoken": "3LvfqThsxrQipQo5cPckw6Gz26vlNJIC", "sessionid": "79995122183%3A1a2oHxPtVNEiaA%3A18%3AAYjG1-hxnl4rUbWaSSUaVrr2JvR8AIZXzi49L7RyXA", "ds_user_id": "79995122183"}		\N			2026-01-08 06:58:41.229454+00	1ef5ef2f-2101-4c94-8323-fcdf553853a0
9b216989-e207-47b2-bf16-cbd7623622fd	casey65796	ACTIVE	79618327355%3AlHL71ghP1hP4yT%3A10%3AAYiLh9RQff4tNqyk4E7mKUiOdQyl7K_lZdYI6sSneQ	{"wd": "550x960", "mid": "aVS-jQABAAH_edLokEAkSt5rTujA", "rur": "\\"CLN\\\\05479618327355\\\\0541798697824:01fed858e2052b12a1f2cb64c651898d6a27aa8820645c8f7b0e9ea169967f282a30d089\\"", "datr": "jb5UaUKGmq3NaHzUcqTAhLTx", "ig_did": "4D676212-651F-4DE2-9587-93AFBB42D290", "csrftoken": "aiPtzywOylrTTkrC7CYMS8XOlQV3smAS", "sessionid": "79618327355%3AlHL71ghP1hP4yT%3A10%3AAYiLh9RQff4tNqyk4E7mKUiOdQyl7K_lZdYI6sSneQ", "ds_user_id": "79618327355"}		\N			2026-01-08 06:58:41.231438+00	1ef5ef2f-2101-4c94-8323-fcdf553853a0
2f9d0bfc-0a26-420c-bc60-877a45d3073d	catherine70795	ACTIVE	79946710201%3ASpO1NXjsBItcIB%3A19%3AAYgV_aCJ52II17DqwN2_I3Z9MmEGFfEGH3njI9zRqQ	{"wd": "550x960", "mid": "aVVv4AABAAHo5PuySUq8Gm3R-dLd", "rur": "\\"ODN\\\\05479946710201\\\\0541798743189:01fe3c77a57b792db3739def82f596a7b9ae216ec8146539b28768fcd1ff6834c63c91e2\\"", "datr": "4G9VaUKTHBUQdnwriRWVD9tC", "ig_did": "97E6A626-2D67-4EF8-8D4A-0B0481AAC4D1", "csrftoken": "H0VHR3V4czJK2IkFdeDgbZmzeGw0I3Mg", "sessionid": "79946710201%3ASpO1NXjsBItcIB%3A19%3AAYgV_aCJ52II17DqwN2_I3Z9MmEGFfEGH3njI9zRqQ", "ds_user_id": "79946710201"}		\N			2026-01-08 06:58:41.233185+00	1ef5ef2f-2101-4c94-8323-fcdf553853a0
5b97191c-22f2-4239-a684-22924a33b635	celia252507	ACTIVE	78140932393%3AOulcf3EkOSiEwr%3A3%3AAYgrhVHlUscQcNpTIBwsp1wZtwgOR3fDwvlBEadUsA	{"wd": "550x960", "mid": "aVTGpgABAAEoOHOxXQnzFSFKueoh", "rur": "\\"CLN\\\\05478140932393\\\\0541798699887:01fed97f3a15e67fb2c9a4bbf8dbf8384c372a77734596c48a758a6bfc67b4856a49bd84\\"", "datr": "psZUaUj0VGGBNHIqLhuWMQz2", "ig_did": "42AB6C79-30C3-4349-9708-DC3DC27ED04C", "csrftoken": "5VgVboV6LczWavo0aC2Tb3UWFdJHlzJj", "sessionid": "78140932393%3AOulcf3EkOSiEwr%3A3%3AAYgrhVHlUscQcNpTIBwsp1wZtwgOR3fDwvlBEadUsA", "ds_user_id": "78140932393"}		\N			2026-01-08 06:58:41.235063+00	1ef5ef2f-2101-4c94-8323-fcdf553853a0
abf00d5a-82f5-44c9-a9e2-d78d7b872c5e	charlotte58701	ACTIVE	78170686478%3AvZ3JozZv7lTRwm%3A27%3AAYh71a1LhQSOcx-8NJreTm6CkpjspdPrGwZRvfA9GA	{"wd": "550x960", "mid": "aVYnRwABAAEG9L6bgmtNzIXSbLxc", "rur": "\\"RVA\\\\05478170686478\\\\0541798790270:01fe33aa12353cd59c3e246905ce92d150e44cf709a786482cd7a6e710ba3b0802da8131\\"", "datr": "RydWaePa-zCBPm6bDOKzML1n", "ig_did": "6ADA2C21-5BA5-45EA-8414-A2ACFFBF32BF", "csrftoken": "L532Ibcv2wcdnz9ipaYaBC9y0Ysh4b9e", "sessionid": "78170686478%3AvZ3JozZv7lTRwm%3A27%3AAYh71a1LhQSOcx-8NJreTm6CkpjspdPrGwZRvfA9GA", "ds_user_id": "78170686478"}		\N			2026-01-08 06:58:41.23683+00	1ef5ef2f-2101-4c94-8323-fcdf553853a0
da1688be-3a06-4c82-b281-373b1e940f46	cheryl74970	ACTIVE	79968516127%3ALqDjp9Z57G6I0W%3A9%3AAYj30YsyZ2G67I2ODHQRwxAhtNzS95PbQsDaLW5k6Q	{"wd": "550x960", "mid": "aVTSpAABAAFu0aIfNDKZUD5ueNOR", "rur": "\\"RVA\\\\05479968516127\\\\0541798702971:01feb8c012a6c3bb979e670e803757c9433b2f3ab2a41e2b9b0f3ecce6222aae53066010\\"", "datr": "pNJUaTcyGR1-o679UOsr5fhy", "ig_did": "5590E053-7833-4355-9B7B-7A5CCB45C008", "csrftoken": "XCaD9WZKahFsGJdT8GBdEz2w6iC1FSQR", "sessionid": "79968516127%3ALqDjp9Z57G6I0W%3A9%3AAYj30YsyZ2G67I2ODHQRwxAhtNzS95PbQsDaLW5k6Q", "ds_user_id": "79968516127"}		\N			2026-01-08 06:58:41.238593+00	1ef5ef2f-2101-4c94-8323-fcdf553853a0
3e2cdfa5-7629-41cc-a388-b2fea2b9506b	chloe365131	ACTIVE	79645902614%3ADTvBjS0Xtb6MTh%3A19%3AAYikY_2UYBiPyT6ZP63OXIO4iRd_qsRKdG6dqiEKjA	{"wd": "550x960", "mid": "aVYB1AABAAHlos1AtGgfm4kDtYxG", "rur": "\\"HIL\\\\05479645902614\\\\0541798780651:01fe8ec1087b9b735a9742816b78926c46f48c7db32e002b36f2c08f7c4312f52219be31\\"", "datr": "1AFWaeT1szU9BhezvSl8Hzsi", "ps_l": "1", "ps_n": "1", "ig_did": "2C030A03-1E28-46EB-9233-AB8BE5B40336", "csrftoken": "i7FyQJOoUkCvcJIYIZd4hXymwnfTqkil", "sessionid": "79645902614%3ADTvBjS0Xtb6MTh%3A19%3AAYikY_2UYBiPyT6ZP63OXIO4iRd_qsRKdG6dqiEKjA", "ds_user_id": "79645902614"}		\N			2026-01-08 06:58:41.240365+00	1ef5ef2f-2101-4c94-8323-fcdf553853a0
e0c0ef8d-fc22-4c64-947e-1e3a5ecc29fb	chloe518172	ACTIVE	79804569401%3A4Gm7ymPHQPIwKS%3A20%3AAYjLgYQEAA2_TcgD8e1SKfkTrv5q2LSpuQmuvD6tGg	{"wd": "550x960", "mid": "aVYFtQABAAEhyraVjs-xbzTtQkU2", "rur": "\\"RVA\\\\05479804569401\\\\0541798781718:01fe13765b6fa53d454de442b3cf3c1d79841b41fc5982773e65b72f932e470a513d8535\\"", "datr": "tQVWaa7KZuNg7y8fTmTOOwW5", "ig_did": "D4D7E272-1E88-454D-939A-A61B2A4DBB30", "csrftoken": "5D39opwWbZvYC3ikPjvEXx71FWhUfUV4", "sessionid": "79804569401%3A4Gm7ymPHQPIwKS%3A20%3AAYjLgYQEAA2_TcgD8e1SKfkTrv5q2LSpuQmuvD6tGg", "ds_user_id": "79804569401"}		\N			2026-01-08 06:58:41.242553+00	1ef5ef2f-2101-4c94-8323-fcdf553853a0
42b0ed18-022b-4471-9a5d-041010d2d279	cindy135144	ACTIVE	79955173443%3AYNpl69Z9yVScXK%3A7%3AAYgArrpMxGNq-f6NkjYCTl_8OXzoKXaCPbHEoFojhA	{"wd": "550x960", "mid": "aVUrPwABAAGKxN5cjRCQdp96jMQy", "rur": "\\"CLN\\\\05479955173443\\\\0541798725587:01fe115ed4fe6287b43a3d1d142b958283a0d6d77ca01e91043f2829370ca7424f2579c9\\"", "datr": "PytVaUFhxZrBxQGBSaS0s1Yk", "ig_did": "CB4C978D-4DD2-4C63-A93E-13D3882337DB", "csrftoken": "jXYsK3T1nVhuW6t1GiAr8FXuMKE3GlUT", "sessionid": "79955173443%3AYNpl69Z9yVScXK%3A7%3AAYgArrpMxGNq-f6NkjYCTl_8OXzoKXaCPbHEoFojhA", "ds_user_id": "79955173443"}		\N			2026-01-08 06:58:41.244451+00	1ef5ef2f-2101-4c94-8323-fcdf553853a0
607a0d9f-0f97-4dd4-8b3b-26ac84e42936	claudia39880	ACTIVE	78176919050%3ADI7X2CXBTj2Ngb%3A29%3AAYip650hYEdiv5-VsWvn94hGcYkwONvFlOHahobBaQ	{"wd": "550x960", "mid": "aVUBoQABAAFL57qCnfN9mTHFa6Hl", "rur": "\\"RVA\\\\05478176919050\\\\0541798715070:01fe2326cca3144cee149eabc9da884c11064eb2eab94062f5e2a78b54dc2b87e7a44e7b\\"", "datr": "oQFVaYl06A8kuDHbzNDsWcl6", "ig_did": "95A02C2E-74ED-494E-BE55-817CF933D13F", "csrftoken": "pvTvEcqJKHJpsy4k5aYa6sTowGcTCO0z", "sessionid": "78176919050%3ADI7X2CXBTj2Ngb%3A29%3AAYip650hYEdiv5-VsWvn94hGcYkwONvFlOHahobBaQ", "ds_user_id": "78176919050"}		\N			2026-01-08 06:58:41.246342+00	1ef5ef2f-2101-4c94-8323-fcdf553853a0
1375213b-4d40-4f45-9314-0acefa14479b	claudia824263	ACTIVE	78160229926%3ANbyw0mVdkOSwh2%3A9%3AAYgKjkqKkS_j6So2llD3xKHf5aunDVB_GpDlz2SVeQ	{"wd": "550x960", "mid": "aVToFAABAAHN1AwXetk4RgH_YEmA", "rur": "\\"HIL\\\\05478160229926\\\\0541798708535:01fe201f00894205682142b3aaf3b1b7975b8c07cdb75b2ec0f651dd1b8f679995d7b19e\\"", "datr": "FOhUaZxPT6QU2pYtkvpOiGpI", "ig_did": "DD456481-0630-4CB5-BB85-EBD1A0F1F2EB", "csrftoken": "YUIRBeItOzJOKIijTPq67nwzznJmOAjI", "sessionid": "78160229926%3ANbyw0mVdkOSwh2%3A9%3AAYgKjkqKkS_j6So2llD3xKHf5aunDVB_GpDlz2SVeQ", "ds_user_id": "78160229926"}		\N			2026-01-08 06:58:41.24858+00	1ef5ef2f-2101-4c94-8323-fcdf553853a0
6dbd6473-f977-4925-b975-f1c2f5aedf65	colette537840	ACTIVE	79783135991%3AFwPtzQODpthuZv%3A10%3AAYh9hdOGS36s6k_uHK7ICBAMwfrD4g0hK9nCJQuxug	{"wd": "550x960", "mid": "aVYa_AABAAGhZ9Y9cRko6OHZeMwA", "rur": "\\"RVA\\\\05479783135991\\\\0541798787044:01fefbb79c61c8eac3811b489c3eb29a7b915e629bcf287c6f2f13cc944cddbf19463f78\\"", "datr": "_BpWabUQNTZb-FSSPQyslcHb", "ig_did": "5A2F3B2A-10DC-4C67-A044-F40B0327A012", "csrftoken": "5OXk5zcMR9mkmfCuHHpUnUJX7sRQnR9N", "sessionid": "79783135991%3AFwPtzQODpthuZv%3A10%3AAYh9hdOGS36s6k_uHK7ICBAMwfrD4g0hK9nCJQuxug", "ds_user_id": "79783135991"}		\N			2026-01-08 06:58:41.250831+00	1ef5ef2f-2101-4c94-8323-fcdf553853a0
d8c38d92-6ecc-46b4-8622-ffa0e958da29	collier.autumn	ACTIVE	78446199269%3AqmachEL4JO8SMQ%3A0%3AAYhoYJz32qt6JK9K1zLcpzkMKxMDcoyWNGh-1BohAQ	{"wd": "550x960", "mid": "aVUNkAABAAGr7RNg97tnw_c_oGZC", "rur": "\\"RCD\\\\05478446199269\\\\0541798718089:01fec88c286e1d9d97335626f1a72b3ce26271031c902dfb7c9280678a197b2259361d1b\\"", "datr": "kA1VaY7uKczg5UM-Efw9Zunh", "ig_did": "43E069D6-85A0-46C5-9730-7D35CEA13969", "csrftoken": "vGnNHymTgUCudRExsdAzeYmgrcnCwNlO", "sessionid": "78446199269%3AqmachEL4JO8SMQ%3A0%3AAYhoYJz32qt6JK9K1zLcpzkMKxMDcoyWNGh-1BohAQ", "ds_user_id": "78446199269"}		\N			2026-01-08 06:58:41.252921+00	1ef5ef2f-2101-4c94-8323-fcdf553853a0
2b53107b-d63e-4a2f-8368-8fb36665b233	coral206862	ACTIVE	78128843280%3A5ezZBJY2BzV0PE%3A17%3AAYgtkBZ15wd4aD4LMChd8IGfeofFZVqS79ZA1Bfp0Q	{"wd": "550x960", "mid": "aVTQpQABAAEIOHexSXebchJ3Q0xu", "rur": "\\"NHA\\\\05478128843280\\\\0541798702573:01fef80b3009cc186906f66e2d083dc59e4b612abb9654c2a78d6d1c675281c8add8e348\\"", "datr": "pdBUachWaqW2IcLRWtVPFCYp", "ps_l": "1", "ps_n": "1", "ig_did": "142B3A2D-7D1B-48FC-9D34-42A27E6A5617", "csrftoken": "VsJ7yHsPbTeGVDBhZdAfMRhevNXaP6MQ", "sessionid": "78128843280%3A5ezZBJY2BzV0PE%3A17%3AAYgtkBZ15wd4aD4LMChd8IGfeofFZVqS79ZA1Bfp0Q", "ds_user_id": "78128843280"}		\N			2026-01-08 06:58:41.255056+00	1ef5ef2f-2101-4c94-8323-fcdf553853a0
bc7948a8-2b84-4fa3-8ba7-3d4c74a07d6c	coral638722	ACTIVE	79934671322%3AEkrGGct4m5o7I7%3A22%3AAYjZQjn6S9napHKILyv3Ifoi4VSxxUH9aMNi_PbVTg	{"wd": "550x960", "mid": "aVYbowABAAGp0PsJQbyNI3_3ifsA", "rur": "\\"CLN\\\\05479934671322\\\\0541798787218:01fea08c5d296550e010fc572aca1794c5bb17dd5ddc58d6fdf233ed1ef941793858752c\\"", "datr": "oxtWaevdpJPCDrNaUoSKF8fV", "ig_did": "3367297A-981A-4020-91A8-654B0A65262F", "csrftoken": "7tnNMdTPduyK5MsSmmohUC1QkC5DHVdz", "sessionid": "79934671322%3AEkrGGct4m5o7I7%3A22%3AAYjZQjn6S9napHKILyv3Ifoi4VSxxUH9aMNi_PbVTg", "ds_user_id": "79934671322"}		\N			2026-01-08 06:58:41.256841+00	1ef5ef2f-2101-4c94-8323-fcdf553853a0
7b3a9fe2-7e69-49b7-8cd6-498ec376504d	courtney97720	ACTIVE	79956245210%3A1n9MkA0k2tfdAd%3A27%3AAYhyd3CP1NDsq9Joaqyr3ff4IJ1GEE_YcpDrvguJ6Q	{"wd": "550x960", "mid": "aVWGNAABAAGOelnS4TibwSJhTZT3", "rur": "\\"CLN\\\\05479956245210\\\\0541798748907:01fecaca5040a3319514dadc7fc0623389a113a2f52748c41e92a24d28f8510c19a4e83e\\"", "datr": "NIZVaWf1COUbEppD7Byb66fD", "ig_did": "50A995D2-F8E9-48F8-AEBF-8CE64666D77D", "csrftoken": "FdeEgU6lXSEBQzpJ5oEEzTtobvYconvH", "sessionid": "79956245210%3A1n9MkA0k2tfdAd%3A27%3AAYhyd3CP1NDsq9Joaqyr3ff4IJ1GEE_YcpDrvguJ6Q", "ds_user_id": "79956245210"}		\N			2026-01-08 06:58:41.258571+00	1ef5ef2f-2101-4c94-8323-fcdf553853a0
d2d359aa-db6b-417b-9381-be80d45fefae	crystal961389	ACTIVE	79802825171%3A9WM7txXzDMEv0O%3A26%3AAYgAcUwGrEaR7gOIPl9n2s0KEx6IbiRNZ_aurekvlA	{"wd": "550x960", "mid": "aVV15wABAAGOtvUeh347DwTAVBr3", "rur": "\\"NHA\\\\05479802825171\\\\0541798744864:01fe8f173b87629648c331c707091373077df0ceb1bfc4f7c6287cf0cbb87a51144c231f\\"", "datr": "53VVadcPDpWVkQY125X--pTI", "ig_did": "882EB7F8-ED56-420B-B95E-5AEB40E59274", "csrftoken": "rDiiI9s5QHHDQtdJ8HOaE2MixYMZ98pw", "sessionid": "79802825171%3A9WM7txXzDMEv0O%3A26%3AAYgAcUwGrEaR7gOIPl9n2s0KEx6IbiRNZ_aurekvlA", "ds_user_id": "79802825171"}		\N			2026-01-08 06:58:41.260332+00	1ef5ef2f-2101-4c94-8323-fcdf553853a0
68d591c6-9889-4c3e-a5ac-97789198ed56	cynthia54709	ACTIVE	79811200665%3AvYjyfK1qNKKgBz%3A16%3AAYiYzVxy8g-KOKBLLojzT6mrqg48st4u7Z4a7IrdxA	{"wd": "550x960", "mid": "aVXHBwABAAE85xW7-ZYpAKTpfiMh", "rur": "\\"RVA\\\\05479811200665\\\\0541798765756:01fec056a3ae04ec043cd153744d6804e90ee711b1b9c29a0226a7e6747422b2316c1be8\\"", "datr": "B8dVaQfaocRuFq4nJE4BRjVa", "ig_did": "6F559333-A588-42AA-AAD9-017E247C355A", "csrftoken": "qHbeY8roBQp7iVO5IlVPnXQzb4fITRyx", "sessionid": "79811200665%3AvYjyfK1qNKKgBz%3A16%3AAYiYzVxy8g-KOKBLLojzT6mrqg48st4u7Z4a7IrdxA", "ds_user_id": "79811200665"}		\N			2026-01-08 06:58:41.262133+00	1ef5ef2f-2101-4c94-8323-fcdf553853a0
4d41c25d-9b28-4cfb-85cd-4766adc2fe99	darlene60257	ACTIVE	79946958069%3AfZVHS8dbaiQYu4%3A22%3AAYj6YFW53bDoV5Fq02xoxv5DCo1_lEEk-mAZldyOVA	{"wd": "550x960", "mid": "aVVf0wABAAFW_xMG9w8DA3w5ptgw", "rur": "\\"LDC\\\\05479946958069\\\\0541798739195:01feb42ffb780e763058a11d9a21f7592fdb9ca1ce59eaf9154d43433c9ceed17a5931df\\"", "datr": "019VaSz2EuB8IbNSfPQVDi61", "ps_l": "1", "ps_n": "1", "ig_did": "296A4692-FB5C-4F7E-8D6F-2C1CCC6F1D74", "csrftoken": "W3iVaBMrQTsYgqlmobBXD8TrdtF7hVzV", "sessionid": "79946958069%3AfZVHS8dbaiQYu4%3A22%3AAYj6YFW53bDoV5Fq02xoxv5DCo1_lEEk-mAZldyOVA", "ds_user_id": "79946958069"}		\N			2026-01-08 06:58:41.263893+00	1ef5ef2f-2101-4c94-8323-fcdf553853a0
8bc8142c-c6dd-48aa-9bf2-7bac92d0d81c	dawn51385	ACTIVE	80017256308%3Ab0FpiEqgLLdaCp%3A24%3AAYiK8CPX33_llOa1o5A3L-MTkcV7Z6liOZYNthsI3g	{"wd": "550x960", "mid": "aVXeLwABAAGqYBImdEfsdNMesUp_", "rur": "\\"CLN\\\\05480017256308\\\\0541798771608:01fe83ece5ea8d550f91d2f205c2a836e10eb585896003c5ce4653d2b09170f158c12674\\"", "datr": "L95VaUwkMFKazi3jbKPt1Elq", "ps_l": "1", "ps_n": "1", "ig_did": "B4D51C15-C28D-4195-8E0C-D2B0C1130300", "csrftoken": "sMSxOTGsWUzZ6LKSWid39uM5FNtqQFvY", "sessionid": "80017256308%3Ab0FpiEqgLLdaCp%3A24%3AAYiK8CPX33_llOa1o5A3L-MTkcV7Z6liOZYNthsI3g", "ds_user_id": "80017256308"}		\N			2026-01-08 06:58:41.265909+00	1ef5ef2f-2101-4c94-8323-fcdf553853a0
2468b8d4-5ac4-45bb-ac8f-4e362cf98ccb	dawn560875	ACTIVE	78701321352%3AQHmNnypMAgIE1X%3A21%3AAYhyNZeUKuWMGAwnTePtYms6weBrj1Dr8YHZbdUOvw	{"wd": "550x960", "mid": "aVY15gABAAF6D0q4kIPwRT1CpGb9", "rur": "\\"EAG\\\\05478701321352\\\\0541798794067:01fe4a1c2df9ddb4ecf2f55ca67457066893cd1b38b1bb1398eb55c362194a4dc05b053d\\"", "datr": "5jVWaUTDz14HKcBbWTDyeaQB", "ig_did": "48F14471-1554-4168-A620-9A915A53BA06", "csrftoken": "BYuQwHSXdzRPlnw35UZ83SsGwbDyR20p", "sessionid": "78701321352%3AQHmNnypMAgIE1X%3A21%3AAYhyNZeUKuWMGAwnTePtYms6weBrj1Dr8YHZbdUOvw", "ds_user_id": "78701321352"}		\N			2026-01-08 06:58:41.267714+00	1ef5ef2f-2101-4c94-8323-fcdf553853a0
85b1441c-1989-4ae5-b5e6-639cb58e9236	debbie814988	ACTIVE	79789850503%3AvYQ5uHrmHvdk5f%3A10%3AAYhbKsODRqIdGHtEpa50WKpcJpRnn9P9dPclxX674Q	{"wd": "550x960", "mid": "aVT_8AABAAFf4Mywmyt4JQ7PSl5G", "rur": "\\"RVA\\\\05479789850503\\\\0541798714597:01fef766f06719c765d12c91d14ce88d88bfa0532fe8cdba9bf0e3a73539bc89d9caf940\\"", "datr": "8P9UaWNu9jf8tFZrFStb5hFD", "ig_did": "712F0BB2-7CAC-4760-BF96-1C36DEAD7DF3", "csrftoken": "AmNWYjexTLACtaSHAXBkDjQMWZAsu61D", "sessionid": "79789850503%3AvYQ5uHrmHvdk5f%3A10%3AAYhbKsODRqIdGHtEpa50WKpcJpRnn9P9dPclxX674Q", "ds_user_id": "79789850503"}		\N			2026-01-08 06:58:41.269398+00	1ef5ef2f-2101-4c94-8323-fcdf553853a0
c23c5052-f08f-4600-8494-e3452aa6be8d	delilah95092	ACTIVE	79657453988%3APuw7efD4TGjYW6%3A15%3AAYgpTgwLXweFe6OW5KeqgZyL5ssZs9yTNYLlvEoaiA	{"wd": "550x960", "mid": "aVW82AABAAGzROKmLBGL2BNcmha2", "rur": "\\"RVA\\\\05479657453988\\\\0541798763109:01fe97f970326e43442df8afbd5359352352bd37850185addba90603156e17804bb329ee\\"", "datr": "2LxVaaZIqOBcUaArvE8QuOSR", "ig_did": "6F734AFA-2468-4F2C-82F8-01AEE9FC70E9", "csrftoken": "4f3YPrS48NWQv033IJh7Diujm7xGP0kD", "sessionid": "79657453988%3APuw7efD4TGjYW6%3A15%3AAYgpTgwLXweFe6OW5KeqgZyL5ssZs9yTNYLlvEoaiA", "ds_user_id": "79657453988"}		\N			2026-01-08 06:58:41.27124+00	1ef5ef2f-2101-4c94-8323-fcdf553853a0
de3cb03e-a55d-456d-a4bc-98de539fea08	denise38288	ACTIVE	79930775238%3AJiDMi3If2HYd8h%3A21%3AAYi_-xjgZrmyui-zdcIx0CVnsiLahxQGJz0oanMlyg	{"wd": "550x960", "mid": "aVSqwQABAAHO5bLsU1tpnqjIhlTP", "rur": "\\"RVA\\\\05479930775238\\\\0541798692815:01fe2f1d10587524151eb3b5d37fe6ccb69d09cde57c592075bcd2a82834694bb65fe0a0\\"", "datr": "wapUaeR5fjVGyldnXQ7xNhcZ", "ps_l": "1", "ps_n": "1", "ig_did": "2BD1C1DA-DD88-4671-8C84-E4222DCE6ED0", "csrftoken": "yhanRxOJw1lSoSMHA39yWyLPbPafKEO9", "sessionid": "79930775238%3AJiDMi3If2HYd8h%3A21%3AAYi_-xjgZrmyui-zdcIx0CVnsiLahxQGJz0oanMlyg", "ds_user_id": "79930775238"}		\N			2026-01-08 06:58:41.272993+00	1ef5ef2f-2101-4c94-8323-fcdf553853a0
81274e6e-a1c8-46af-9b59-ed182104cb80	denise97353	ACTIVE	79961389013%3APQ7kMmBVUjgyPN%3A19%3AAYgNZBFWdjZ-sluTqInd3XPJNOM9hRQtnKFlLTjzgA	{"wd": "550x960", "mid": "aVYSGwABAAGrjfo5E-l2w-8CssYd", "rur": "\\"CLN\\\\05479961389013\\\\0541798785116:01fea7b7ea72b01826d0c59b5ab2ec32e8395972b0e3e3850ea461b4b6cc70ee362bd43e\\"", "datr": "GxJWaR21ZEKIk6EJdG2TJtmo", "ig_did": "79E14439-3EC5-4B9B-A03E-F223C1C98F17", "csrftoken": "Vr2nBPlqhxYdBa6a7FdbAmCUV4RDnmQT", "sessionid": "79961389013%3APQ7kMmBVUjgyPN%3A19%3AAYgNZBFWdjZ-sluTqInd3XPJNOM9hRQtnKFlLTjzgA", "ds_user_id": "79961389013"}		\N			2026-01-08 06:58:41.27474+00	1ef5ef2f-2101-4c94-8323-fcdf553853a0
e769e9cb-ce78-47ad-85b0-8ec71f4cd5ee	diana250672	ACTIVE	79975123767%3AYJz19LUHXC0FPA%3A23%3AAYgIQZYXnfI-S98kKnLaeCcfcXcCie_5KZgrFkotOg	{"wd": "550x960", "mid": "aVWIJAABAAF6yHBLA4L8Y5oATneb", "rur": "\\"RVA\\\\05479975123767\\\\0541798749532:01fe65d2f782db358583a27c71bd3a6f2923082af3c43827a6faec197cd15833cd9cce6e\\"", "datr": "JIhVabJmZwjB0TqyhEEC-Rr8", "ps_l": "1", "ps_n": "1", "ig_did": "71BD4F6D-D658-4087-AA79-FEF6F7195E6F", "csrftoken": "t5CJr3m3GHZV8EzAe2G5b5KPQGWV1l6c", "sessionid": "79975123767%3AYJz19LUHXC0FPA%3A23%3AAYgIQZYXnfI-S98kKnLaeCcfcXcCie_5KZgrFkotOg", "ds_user_id": "79975123767"}		\N			2026-01-08 06:58:41.276383+00	1ef5ef2f-2101-4c94-8323-fcdf553853a0
250f1452-104b-4af6-be5a-28bcb27ad18c	donna923966	ACTIVE	79946501935%3Az4Mn918Jtc7jP7%3A24%3AAYgq25QA4y20JymHuLE42zJZu41KMqJOMuV-urpfAQ	{"wd": "550x960", "mid": "aVTV6QABAAHEXbbgJ3PF4VirVKCC", "rur": "\\"CLN\\\\05479946501935\\\\0541798703760:01fe8c0258213691af0721bd5f829fe12768ccca9d70e86e6c95653f8745367a9350aa54\\"", "datr": "6dVUabxfzHXgEgEWmNFcvVD4", "ig_did": "59AF32C2-9E35-4E71-A059-33D6C8D29DC7", "csrftoken": "zbrh06blRDUVsPJe85w2JoKSbz8Gos2P", "sessionid": "79946501935%3Az4Mn918Jtc7jP7%3A24%3AAYgq25QA4y20JymHuLE42zJZu41KMqJOMuV-urpfAQ", "ds_user_id": "79946501935"}		\N			2026-01-08 06:58:41.27811+00	1ef5ef2f-2101-4c94-8323-fcdf553853a0
fcd4106c-0f7d-420c-aa1a-fa561ceac159	dora89907	ACTIVE	78132939824%3A6MkzxMdy54adKQ%3A18%3AAYi4k0lF1EdQ_5R1pMkLIZKLKFn0Pjp4qRdqGF6XOQ	{"wd": "550x960", "mid": "aVS74AABAAHe_jPh2eVz7xL9M9jb", "rur": "\\"RVA\\\\05478132939824\\\\0541798697188:01fe43d05e016489a02505cddc5fb8c62194ba1b8f22c8f5d7c842954f4dc0a19c212aee\\"", "datr": "4LtUaVKoEXXf5GUyWG6slxIc", "ig_did": "885EA4CA-5770-4C6E-8FA3-080BC63A2090", "csrftoken": "CFDxcM8ttAsydqg8SdIQVujdui2BBFEB", "sessionid": "78132939824%3A6MkzxMdy54adKQ%3A18%3AAYi4k0lF1EdQ_5R1pMkLIZKLKFn0Pjp4qRdqGF6XOQ", "ds_user_id": "78132939824"}		\N			2026-01-08 06:58:41.279843+00	1ef5ef2f-2101-4c94-8323-fcdf553853a0
7b128d5f-f25e-4ba2-add1-ae56de7d96cb	doreen92520	ACTIVE	78155749816%3AyKRyTqKwrzo6vA%3A9%3AAYh9fhrho8uHaNN5GcayfBlEPnSUfqJ_aj4g6Z8ADg	{"wd": "550x960", "mid": "aVSsswABAAHBKgOoCr13-SXEI0_t", "rur": "\\"RVA\\\\05478155749816\\\\0541798693257:01fefbd0657842864a80a9b6822cd12f668d60de5774421fd5341f80f25ad72523f6b4ff\\"", "datr": "s6xUaYezhyuaGuCqPAeMVSue", "ig_did": "E58DEF38-944F-4DFE-8F0F-70316DCA3A69", "csrftoken": "eaYos3v89WMXdv96wB8yLG7iTQhmGXZ1", "sessionid": "78155749816%3AyKRyTqKwrzo6vA%3A9%3AAYh9fhrho8uHaNN5GcayfBlEPnSUfqJ_aj4g6Z8ADg", "ds_user_id": "78155749816"}		\N			2026-01-08 06:58:41.281568+00	1ef5ef2f-2101-4c94-8323-fcdf553853a0
73a0aa74-5213-422e-8f27-83b9c27a4915	doris54706	ACTIVE	78425251604%3ATsZmpxWCTfSwsp%3A13%3AAYj5YiCJBDQBj-zO-0XAVSzxxHVSp2fwno193UiCzg	{"wd": "550x960", "mid": "aVUs4wABAAE-K4UemB78rhg2KC3Q", "rur": "\\"NCG\\\\05478425251604\\\\0541798726147:01fea937f62f89119894e9d83e722d6a19569bf221cfed9c80ed88b814e0eff39c76eba2\\"", "datr": "4yxVacvA2J3yuVvikXfSnNMj", "ps_l": "1", "ps_n": "1", "ig_did": "8C3568D3-65B3-4923-A490-2C27D888328F", "csrftoken": "LTO3dUN68Rjqh1Uy5gfAkkNHUZNwP3sj", "sessionid": "78425251604%3ATsZmpxWCTfSwsp%3A13%3AAYj5YiCJBDQBj-zO-0XAVSzxxHVSp2fwno193UiCzg", "ds_user_id": "78425251604"}		\N			2026-01-08 06:58:41.283291+00	1ef5ef2f-2101-4c94-8323-fcdf553853a0
9aa8f233-d0bc-4315-b429-8b227fef3703	doris88017	ACTIVE	79974715854%3AaBUq19ZMFSAku0%3A13%3AAYgEvLTeCG633f0d6UYctbjuWCDEVhgMzzHEWyNdXg	{"wd": "550x960", "mid": "aVVhhQABAAHPhvxZhbsZMwRu5ac1", "rur": "\\"VLL\\\\05479974715854\\\\0541798739528:01fef96d485f7bb672d9ffce9f2a01eab600a27546c463685473a5763388b9de48aa3a19\\"", "datr": "hWFVaaJghjd1ZxtCsmIHonSP", "ps_l": "1", "ps_n": "1", "ig_did": "22183A8A-F3DC-4284-9062-C4344AD75846", "csrftoken": "miagqODyXkKtMK1VvtjVuxh7xgqlsbBl", "sessionid": "79974715854%3AaBUq19ZMFSAku0%3A13%3AAYgEvLTeCG633f0d6UYctbjuWCDEVhgMzzHEWyNdXg", "ds_user_id": "79974715854"}		\N			2026-01-08 06:58:41.28504+00	1ef5ef2f-2101-4c94-8323-fcdf553853a0
5988f5da-b279-4a66-97d0-0aee23869db4	dorothy356015	ACTIVE	79965540382%3AB2f0Sql7hn59h1%3A2%3AAYheAgoOjQiEZb95NrjIZ0Q6kQ5OzOnMj4WQwYxBRg	{"wd": "550x960", "mid": "aVTR6gABAAG0qqPXAqe5k6YzNoVn", "rur": "\\"NHA\\\\05479965540382\\\\0541798702844:01fefb2722d23d61deaad3e0239d7e80b4cf2ff2b903bc8daa09b13f2936bf716fd574f8\\"", "datr": "6tFUaYMqxit-rNYx3cgzzfpk", "ps_l": "1", "ps_n": "1", "ig_did": "B9AE31D7-ACAD-4337-A0B6-C42F1FF7A881", "csrftoken": "mFPTGbFx3h8IZp9zaFXv5PraCNkGZeNN", "sessionid": "79965540382%3AB2f0Sql7hn59h1%3A2%3AAYheAgoOjQiEZb95NrjIZ0Q6kQ5OzOnMj4WQwYxBRg", "ds_user_id": "79965540382"}		\N			2026-01-08 06:58:41.286792+00	1ef5ef2f-2101-4c94-8323-fcdf553853a0
14ea887b-e301-4f7f-9271-8bec7d27140e	dorothy388484	ACTIVE	78114618625%3A8nxe8fFbfyqnzR%3A9%3AAYgwXpGoHum1IoYrISbCEx5mFpD32EQmX-dLYJc_ng	{"wd": "550x960", "mid": "aVS9tQABAAHt1DhLyATWEUHQbqmG", "rur": "\\"NCG\\\\05478114618625\\\\0541798697678:01febe80b521901c0233b334362cde4d16a215def937c07edce3e1368090184a3e82c09b\\"", "datr": "tb1UaV8qmgJ6EE35wE3YTwEy", "ig_did": "372882C8-3DF2-46E0-8DC2-E122DEE4231B", "csrftoken": "aa37I8G0lDvwonpuBkoyb6avHaRIvHZd", "sessionid": "78114618625%3A8nxe8fFbfyqnzR%3A9%3AAYgwXpGoHum1IoYrISbCEx5mFpD32EQmX-dLYJc_ng", "ds_user_id": "78114618625"}		\N			2026-01-08 06:58:41.288456+00	1ef5ef2f-2101-4c94-8323-fcdf553853a0
8e9ca63e-22a4-4bef-8847-6dd4f60c0b50	dorothy56459	ACTIVE	79785711799%3AWOWsnaNPeTtcz0%3A15%3AAYjghoItUE37VF0C4IUssV4BqPHKVOlhBFWS0kCaJA	{"wd": "550x960", "mid": "aVYnxQABAAFdlOHIIe3DqqnBbmqc", "rur": "\\"RVA\\\\05479785711799\\\\0541798790459:01fe9b9a52a9312eaadb6091485690cb18c4838ed32a5d2dff3aa0d61ec8b7af10aaf270\\"", "datr": "xSdWaf6Aa-nx7y_9CsnmWZnc", "ig_did": "C29BF7E2-4F49-4C1E-B40A-37AD06698A6C", "csrftoken": "eWrQsawdLgjlSDnvL5PBrwZV83IIBcXf", "sessionid": "79785711799%3AWOWsnaNPeTtcz0%3A15%3AAYjghoItUE37VF0C4IUssV4BqPHKVOlhBFWS0kCaJA", "ds_user_id": "79785711799"}		\N			2026-01-08 06:58:41.290199+00	1ef5ef2f-2101-4c94-8323-fcdf553853a0
df2ebe6c-bf0b-47d7-8bc2-ce169ce01701	douglas_agatha	ACTIVE	79990658256%3AIraKxH7Cs0h8DF%3A21%3AAYi7GM9Dein9-UL_HxbqRqt5N8hKcxZ3G8FllT5U0Q	{"wd": "550x960", "mid": "aVTQcAABAAEuPW2GBnGk_9PtqWsK", "rur": "\\"CLN\\\\05479990658256\\\\0541798702486:01fe06d40748762e058027517fe99137abd6c7895086d14172955a6c3793ed76c85846a7\\"", "datr": "cNBUaevt1l_Q4Reyh57ujfNb", "ig_did": "DDAA1315-5428-4E23-8D4F-F8C8B3DBB686", "csrftoken": "3ORP76UsAvVPA1JP5fzaKVE6HhwqnUIu", "sessionid": "79990658256%3AIraKxH7Cs0h8DF%3A21%3AAYi7GM9Dein9-UL_HxbqRqt5N8hKcxZ3G8FllT5U0Q", "ds_user_id": "79990658256"}		\N			2026-01-08 06:58:41.291998+00	1ef5ef2f-2101-4c94-8323-fcdf553853a0
8ab79753-ece9-4091-8b4a-3f61dade8f04	elena909603	ACTIVE	78421739461%3AGJV2iYhjKK2b6V%3A9%3AAYhsZsszUi4R0Cb-eEWf6UGmjpLaA4iiHxXGu70WfQ	{"wd": "550x960", "mid": "aVTg1wABAAG1UbXIzpXjwsKm52GY", "rur": "\\"LLA\\\\05478421739461\\\\0541798706610:01fe20a91b1ce9552fd8311288fcef93029ef41c788c56e9280d9cf4bdd3023a43cbbb41\\"", "datr": "1-BUacbYdzOH8QSs8J5XpS7z", "ig_did": "6A80A836-7754-42E6-8906-57D2F234D26C", "csrftoken": "rk0yMf7NDKAl43WArwiRIm0s51sG7RYJ", "sessionid": "78421739461%3AGJV2iYhjKK2b6V%3A9%3AAYhsZsszUi4R0Cb-eEWf6UGmjpLaA4iiHxXGu70WfQ", "ds_user_id": "78421739461"}		\N			2026-01-08 06:58:41.293734+00	1ef5ef2f-2101-4c94-8323-fcdf553853a0
fedc5aeb-bb9b-454a-886e-8b0bf8fd5ffe	elizabeth332700	ACTIVE	78152397089%3ASp2yfGisq2Lr1z%3A4%3AAYibNZ9U-YreYtEAaVL3K7-IviBhzQbhvgt2tt3QEQ	{"wd": "550x960", "mid": "aVXV4wABAAEOBzOa6H1CX4qlSSNG", "rur": "\\"RVA\\\\05478152397089\\\\0541798769372:01fe4e84521ddc92547f29d20515fc2b9f190aab02df215675bf73397da57d5479b5f897\\"", "datr": "49VVaQdigoHO-V7aKbehNOm_", "ig_did": "C5AC7E5C-9C28-4FF3-9597-CEFA03425A2E", "csrftoken": "B0A0kC82cUKHftVWd7PwoCBhk6C7QLiy", "sessionid": "78152397089%3ASp2yfGisq2Lr1z%3A4%3AAYibNZ9U-YreYtEAaVL3K7-IviBhzQbhvgt2tt3QEQ", "ds_user_id": "78152397089"}		\N			2026-01-08 06:58:41.295448+00	1ef5ef2f-2101-4c94-8323-fcdf553853a0
00d34258-7f27-44e1-a101-da1eeb9d09c3	ella89714	ACTIVE	79959964869%3A1WCrkzGzdsDEeZ%3A3%3AAYhDf7l4zMEBVYvJPAaeGlLBQlxOmdJKDh-1KGTFtA	{"wd": "550x960", "mid": "aVT-XwABAAH5ehEH5lz8TBtFPuPo", "rur": "\\"CLN\\\\05479959964869\\\\0541798714153:01fe7cbbbede492f58ed463de189135ec6dcdef07b85cf2d57501f52b2313479400ccf66\\"", "datr": "X_5Uab0H8iQyAHThDBk0yq7v", "ig_did": "94A84D2C-CAB9-4393-8539-1BB2D1E93A47", "csrftoken": "cjCesBSP4MQPHmlj7urkyi0dNnNK2Nk9", "sessionid": "79959964869%3A1WCrkzGzdsDEeZ%3A3%3AAYhDf7l4zMEBVYvJPAaeGlLBQlxOmdJKDh-1KGTFtA", "ds_user_id": "79959964869"}		\N			2026-01-08 06:58:41.297098+00	1ef5ef2f-2101-4c94-8323-fcdf553853a0
fd7f7467-bd17-4f48-be1a-d9a8e00d0f59	ellen230304	ACTIVE	79990074375%3AODjPpmpsX4Ac96%3A16%3AAYhk2s0V67n8QW_QU9t_yfs_Y1HOcRp8Baxxd3fTiQ	{"wd": "550x960", "mid": "aVVjNAABAAH_8hocURa3mkbGc0Vi", "rur": "\\"VLL\\\\05479990074375\\\\0541798740033:01fe5dff035e218f4946fb63aad7eab7bbd7dc30a93b602ead9272f0539ecc9c8772d009\\"", "datr": "NGNVaX4Uao6y26SCSvwzd_x5", "ps_l": "1", "ps_n": "1", "ig_did": "2574D74F-EB30-462B-BDB5-4AFC56C8D196", "csrftoken": "mFug6rR3T12e8Ic5dK38OrhuoTHfDfzH", "sessionid": "79990074375%3AODjPpmpsX4Ac96%3A16%3AAYhk2s0V67n8QW_QU9t_yfs_Y1HOcRp8Baxxd3fTiQ", "ds_user_id": "79990074375"}		\N			2026-01-08 06:58:41.298904+00	1ef5ef2f-2101-4c94-8323-fcdf553853a0
ac23d961-7224-4d6c-abf5-02331f0bfb52	ellen62993	ACTIVE	78164614147%3AjgLHDsStHWRIZh%3A29%3AAYivZ_4odhDGKp8oJNoVQ2KigDTqtrzlCVfPnkVpHg	{"wd": "550x960", "mid": "aVWBFAABAAFw0Qa6bVjCaWP6KNLT", "rur": "\\"HIL\\\\05478164614147\\\\0541798747566:01fe461a4fe4610d544b754f6454d5768843a79743c93f8ff7cc962d9b1e65daad38da4b\\"", "datr": "FIFVaTHmxl6JbaRb7CbX4JTq", "ps_l": "1", "ps_n": "1", "ig_did": "A3523D36-49C1-4924-A188-647BCF670B4E", "csrftoken": "X52Xf33p4OQfjPITSCbuvHGCU11GAbPW", "sessionid": "78164614147%3AjgLHDsStHWRIZh%3A29%3AAYivZ_4odhDGKp8oJNoVQ2KigDTqtrzlCVfPnkVpHg", "ds_user_id": "78164614147"}		\N			2026-01-08 06:58:41.300767+00	1ef5ef2f-2101-4c94-8323-fcdf553853a0
2e7c7b83-6345-41f5-85c4-029a3fa902cf	ellie154196	ACTIVE	79982498923%3AojIRyktlZW8sYJ%3A11%3AAYjQVb4VZRGBXijham_Ayvde1IMEJmQjjvEUSwtcpg	{"wd": "550x960", "mid": "aVTjfQABAAHQgpN22IluaRxJdPB1", "rur": "\\"CLN\\\\05479982498923\\\\0541798707265:01fe635743b51e00642d8e5a791c3c82467f22ae8de0b947a734ab1c69dc6cf057dcd3ca\\"", "datr": "feNUaS8b184FRJk-KzqINaMV", "ig_did": "7D964AA4-971B-4722-B22A-13C44E030D17", "csrftoken": "zaMbZLgEthI45kMGkBCItxGbgXTvyh3Z", "sessionid": "79982498923%3AojIRyktlZW8sYJ%3A11%3AAYjQVb4VZRGBXijham_Ayvde1IMEJmQjjvEUSwtcpg", "ds_user_id": "79982498923"}		\N			2026-01-08 06:58:41.303135+00	1ef5ef2f-2101-4c94-8323-fcdf553853a0
2f8e8153-97fc-4254-a3ad-d3800d8ba198	eloise36344	ACTIVE	79637902666%3ApHC2PIVYoSEXAc%3A20%3AAYhIrFMEk3jJBQ36ky-w8Kn7Q0x8HWQCDduRSRx_Vg	{"wd": "550x960", "mid": "aVTnhwABAAG4cTncC2U_gNZIZiPE", "rur": "\\"LDC\\\\05479637902666\\\\0541798708310:01fe2bdbe1af59ad18ea82d8baed24a609b82458b7f3493ff840a85adef85b4c6a59ef28\\"", "datr": "h-dUaTbmUUNwcSRUm3sXXR12", "ps_l": "1", "ps_n": "1", "ig_did": "D2156620-2F20-4933-A740-F04D74CB3F75", "csrftoken": "d3WqmhFolhNNYZ1rL1WKQj7MS3At9C7V", "sessionid": "79637902666%3ApHC2PIVYoSEXAc%3A20%3AAYhIrFMEk3jJBQ36ky-w8Kn7Q0x8HWQCDduRSRx_Vg", "ds_user_id": "79637902666"}		\N			2026-01-08 06:58:41.305477+00	1ef5ef2f-2101-4c94-8323-fcdf553853a0
942f05eb-31c2-4ea0-8173-842062044675	elsie688732	ACTIVE	80005313415%3AgoqGoDtjR9LQpy%3A6%3AAYjlbgR0-rbyANNhZTJxiUHZT1LUEil2RrhRv3XBTw	{"wd": "550x960", "mid": "aVYMHwABAAFJVFPvTAUh7-jxtPwU", "rur": "\\"RVA\\\\05480005313415\\\\0541798783189:01fea1b094d00fa79f3e082fc4ec6da89d680b81858cfc3b97f3429070d36861cadb1689\\"", "datr": "HwxWabQ9z4aA8SRlg2wkvWwu", "ig_did": "2A220B15-F855-4AAD-A89C-E60EC462CA0E", "csrftoken": "d4DmtRLobjpED9xVIvc9XlpptBAAZ97Y", "sessionid": "80005313415%3AgoqGoDtjR9LQpy%3A6%3AAYjlbgR0-rbyANNhZTJxiUHZT1LUEil2RrhRv3XBTw", "ds_user_id": "80005313415"}		\N			2026-01-08 06:58:41.307921+00	1ef5ef2f-2101-4c94-8323-fcdf553853a0
cc6a6ffc-2a6e-495d-bd34-20d658079810	emily454333	ACTIVE	79800337274%3A7o2KbW7ci1Kc3v%3A19%3AAYjfD58O3kle0DBOnIJKLrWKVdTM1VxiLtj1PDFxuQ	{"wd": "550x960", "mid": "aVTMegABAAGlpOao7l8Vi3PQk6hn", "rur": "\\"NCG\\\\05479800337274\\\\0541798701545:01febe280d2feebcec53b6c92c230a171cf5f1595a30584281a3797bcd27fb58327c3fc2\\"", "datr": "esxUaZfMf2izurhCwTm1FgPR", "ig_did": "4555FBE4-A0EA-44EE-B503-28A8ACAA5CD2", "csrftoken": "SFoV6R9QEX3igarI1p0qJhQUJJi2udzf", "sessionid": "79800337274%3A7o2KbW7ci1Kc3v%3A19%3AAYjfD58O3kle0DBOnIJKLrWKVdTM1VxiLtj1PDFxuQ", "ds_user_id": "79800337274"}		\N			2026-01-08 06:58:41.309963+00	1ef5ef2f-2101-4c94-8323-fcdf553853a0
abe7b4aa-745b-4d24-948c-148613333535	emily470738	ACTIVE	79981299040%3A5OUQv7TI0EJFED%3A28%3AAYj9SuacIPORwA4-R4ANq1iZBGtC0k395WLzCHq7UQ	{"wd": "550x960", "mid": "aVT5zQABAAGqvk4Z2naVzcUzsjd3", "rur": "\\"LDC\\\\05479981299040\\\\0541798713025:01fecfb8211b0a94c220bed2ad066a6c5147e795dc04c1a6280b2381ae66efb66dfb84f6\\"", "datr": "zflUaYtC65rOdEOblCWIGCZE", "ig_did": "93A298BD-5339-4D25-9169-7D660F6719C6", "csrftoken": "m9xk3XoGbzM7GVsPRAbc9HA5ivbgnOPw", "sessionid": "79981299040%3A5OUQv7TI0EJFED%3A28%3AAYj9SuacIPORwA4-R4ANq1iZBGtC0k395WLzCHq7UQ", "ds_user_id": "79981299040"}		\N			2026-01-08 06:58:41.312687+00	1ef5ef2f-2101-4c94-8323-fcdf553853a0
027a6e38-785e-47f1-a759-cfa01701dff5	emma494325	ACTIVE	79964740591%3AScxhbUsWER5rb2%3A19%3AAYiSOomkX33JYfg-D-030f77k0ZJZnWdSZYEulSEGQ	{"wd": "550x960", "mid": "aVUp4gABAAG-nVx4h-raUWSGd5eY", "rur": "\\"RVA\\\\05479964740591\\\\0541798725197:01fe00d85a83986de960ef436f1ebed0e1a4627281f93352affbe8699336618545a221ef\\"", "datr": "4ilVaYMsHa2YhYy6QSNUId50", "ig_did": "29A95C22-596F-4FE6-87EC-2DC7ACDB7B8A", "csrftoken": "bDomCY4gpbiq6ex3sj77KndsHHf2dRD8", "sessionid": "79964740591%3AScxhbUsWER5rb2%3A19%3AAYiSOomkX33JYfg-D-030f77k0ZJZnWdSZYEulSEGQ", "ds_user_id": "79964740591"}		\N			2026-01-08 06:58:41.314766+00	1ef5ef2f-2101-4c94-8323-fcdf553853a0
2ad6cfbb-8f59-47f2-8c79-0a042d4c2e8f	esther402549	ACTIVE	79987042738%3AU8mCsoB5j84Wp8%3A4%3AAYgs1YPyK9_M5EbFDiDVQBvP3Uo5kgODFqduIj5jCQ	{"wd": "550x960", "mid": "aVVNQwABAAFTW0lh9YdG4RAG5zp8", "rur": "\\"EAG\\\\05479987042738\\\\0541798734514:01fe844ddbce957c079b0730fd93923c92efc772fd868b6b572cc8e9fbc7a4ff24f45d8f\\"", "datr": "Q01VaS_Nh8oOh6EITn9yDeTi", "ps_l": "1", "ps_n": "1", "ig_did": "CEDD789A-3A7A-4DCC-8D0E-FC1620E3F2F1", "csrftoken": "WHkcGcBoGqwmISYe4Hay4bwDp3BCeQyP", "sessionid": "79987042738%3AU8mCsoB5j84Wp8%3A4%3AAYgs1YPyK9_M5EbFDiDVQBvP3Uo5kgODFqduIj5jCQ", "ds_user_id": "79987042738"}		\N			2026-01-08 06:58:41.316712+00	1ef5ef2f-2101-4c94-8323-fcdf553853a0
1e88943b-8dbe-40bc-9785-cc59f700889b	ethel361845	ACTIVE	79658757848%3ATCzPAAk8g8puGu%3A8%3AAYi3_ItbZ0USkYfWx21EkMM2z8z3nKJ_AXd0KWXuaw	{"wd": "550x960", "mid": "aVVMWwABAAGP6PJp79niW3DRPTh3", "rur": "\\"CLN\\\\05479658757848\\\\0541798734114:01fe215fa5502d2818fafb4e28a280155d80276870b73604b2572451689dd89058e9e28f\\"", "datr": "W0xVaWkvDMCQS69jaT_qMIb5", "ig_did": "69073081-2C9E-4433-8EB4-9327D9650169", "csrftoken": "6ep9FiR1KLuwrqJALXLPdFtKPwgH4Plt", "sessionid": "79658757848%3ATCzPAAk8g8puGu%3A8%3AAYi3_ItbZ0USkYfWx21EkMM2z8z3nKJ_AXd0KWXuaw", "ds_user_id": "79658757848"}		\N			2026-01-08 06:58:41.318787+00	1ef5ef2f-2101-4c94-8323-fcdf553853a0
a38a542f-0175-4c34-9a21-86e6468cd89d	evelyn764515	ACTIVE	79788935542%3ASFUlVltoDRzeRL%3A9%3AAYgszVDXshOBLAv9TgXS4CfW45mp6bkCkIDd3CPxEg	{"wd": "550x960", "mid": "aVYmpwABAAG_enrRey8kCrVIDXMj", "rur": "\\"RVA\\\\05479788935542\\\\0541798790035:01fe4dd0928dcdf96c511c975d0262e9b173a2d360cea156cc1e8dc0bccd159c6d01f764\\"", "datr": "pyZWadiNyugXiwwy3Ez2p42Q", "ig_did": "45E06AE6-4D48-402D-857F-509BA493BE11", "csrftoken": "kaSXkHq94PzSYHxZdsEXlnkdW2e2kHN8", "sessionid": "79788935542%3ASFUlVltoDRzeRL%3A9%3AAYgszVDXshOBLAv9TgXS4CfW45mp6bkCkIDd3CPxEg", "ds_user_id": "79788935542"}		\N			2026-01-08 06:58:41.320522+00	1ef5ef2f-2101-4c94-8323-fcdf553853a0
f4208d74-cb15-430a-a523-ff64f06cf592	faith51173	ACTIVE	79928199476%3AM4LfftO253ec6c%3A18%3AAYjvvKq4EgnR9ny_w5-zqHemKMMKitBAqb86rBr9_A	{"wd": "550x960", "mid": "aVTCKgABAAFw54E2D0kYHXOaXV9h", "rur": "\\"CCO\\\\05479928199476\\\\0541798698832:01fe1be10675506ffe8f929d784e7602e3fb5d67c058c1115441592d5d61d576bd53e73a\\"", "datr": "KcJUaZrB1BvamWPsDxoOjOLP", "ig_did": "20B0CADE-F1D0-4DBC-8E2D-33B035C86D9D", "csrftoken": "C5xUr83PsXPmcJuutosjzZ4lbmSyO2H0", "sessionid": "79928199476%3AM4LfftO253ec6c%3A18%3AAYjvvKq4EgnR9ny_w5-zqHemKMMKitBAqb86rBr9_A", "ds_user_id": "79928199476"}		\N			2026-01-08 06:58:41.322127+00	1ef5ef2f-2101-4c94-8323-fcdf553853a0
fab9dd68-651f-4120-8715-2a094a4d22de	fiona276772	ACTIVE	79994754025%3AOoJPAJqogl0X7D%3A5%3AAYjLssgCHtgQPhdoa6Keul4hEVn7e5pDfifNG7z5Ow	{"wd": "550x960", "mid": "aVURYQABAAGXhj8SCWQYYXKe9dWG", "rur": "\\"GTN\\\\05479994754025\\\\0541798718982:01fed489be6568f66ad917fbd13fbac3ba4a838555d2bcee922ce29501c47f392f01abc9\\"", "datr": "YRFVaV4LdfTfsx9kKHlDvDu-", "ig_did": "DF3F3C06-A997-4E9A-B8A9-251EA34C5239", "csrftoken": "uP8uNHqCAzy82XQDc4WU7iidGovPc53T", "sessionid": "79994754025%3AOoJPAJqogl0X7D%3A5%3AAYjLssgCHtgQPhdoa6Keul4hEVn7e5pDfifNG7z5Ow", "ds_user_id": "79994754025"}		\N			2026-01-08 06:58:41.323696+00	1ef5ef2f-2101-4c94-8323-fcdf553853a0
a5d69b96-cc0d-43af-9d01-c5da6024a8ca	fletcher_gertrude	ACTIVE	79951221538%3A6QfdR2PITtRDyU%3A28%3AAYhBQ9vUvppS9bZ3BPDSozJf4MiHddm-t16vhNzmsQ	{"wd": "550x960", "mid": "aVTA9QABAAGDL1H6Sdkxhw-Ivmsy", "rur": "\\"RVA\\\\05479951221538\\\\0541798698459:01fea40d432be22100815778c153d29b4f4ffe906cda8f4207d38c9745e5f27ebc61437c\\"", "datr": "9cBUaVqZobnwfHgb3uLVtryn", "ig_did": "6F8B6256-34CC-475B-95C1-7D18E79580E9", "csrftoken": "UKSJ7dLmeODtXOZ8k5md8UERXT4GOTPx", "sessionid": "79951221538%3A6QfdR2PITtRDyU%3A28%3AAYhBQ9vUvppS9bZ3BPDSozJf4MiHddm-t16vhNzmsQ", "ds_user_id": "79951221538"}		\N			2026-01-08 06:58:41.325231+00	1ef5ef2f-2101-4c94-8323-fcdf553853a0
8117ea10-b48b-48e6-a5f5-deab7eb83d88	flora28402	ACTIVE	80009736711%3AEMCcup0LYEtso0%3A18%3AAYjHu-bqlhf5ITbY-WtTfaUc_wo5fyHJEDDGwTWx-g	{"wd": "550x960", "mid": "aVU-AAABAAFGCcNSPWk2VHkc_yDj", "rur": "\\"RVA\\\\05480009736711\\\\0541798730436:01fe09dd054d2b2127754e284c03376ccf6cf5540cad8b7c5bfbca35700259b57a72fc68\\"", "datr": "AD5VaQ3MTZ_GFoCwvp6IelWN", "ig_did": "2A6900E4-D7D4-496A-8FC8-0AB963B2DA4A", "csrftoken": "S6lXb5njWw5M1aDnVmgJOMWTKDOArFEu", "sessionid": "80009736711%3AEMCcup0LYEtso0%3A18%3AAYjHu-bqlhf5ITbY-WtTfaUc_wo5fyHJEDDGwTWx-g", "ds_user_id": "80009736711"}		\N			2026-01-08 06:58:41.32688+00	1ef5ef2f-2101-4c94-8323-fcdf553853a0
0d9beb26-7f4b-4286-b535-2cc38c7932d0	flora53904	ACTIVE	79951349783%3AtKdbff2rULUOz1%3A27%3AAYid6VRGModRNHz2qEMHnlSqocgq2gUq6BoTtcO2Ww	{"wd": "550x960", "mid": "aVVhHwABAAE517NMOMbtNVcXLUn6", "rur": "\\"LDC\\\\05479951349783\\\\0541798739424:01fe613b40849757647f41fed02f70823343c0175eb98760ce7b468ba7c44c44d7116d67\\"", "datr": "H2FVaciz_u0nE36un_AU31wW", "ig_did": "6E9FED79-C39C-47BF-A1D2-6D9945F63451", "csrftoken": "y9kJSDOP4PNk6rjDSY62Xe4NJ4CkilL8", "sessionid": "79951349783%3AtKdbff2rULUOz1%3A27%3AAYid6VRGModRNHz2qEMHnlSqocgq2gUq6BoTtcO2Ww", "ds_user_id": "79951349783"}		\N			2026-01-08 06:58:41.328464+00	1ef5ef2f-2101-4c94-8323-fcdf553853a0
ca5313e7-29af-4b2e-8224-56b8059beb50	frances86902	ACTIVE	79931911485%3AEklBYMFaW07p6p%3A12%3AAYiZygd64QcgT8HBF-nnHfIEOWXmdqIqZfFn8toU2A	{"wd": "550x960", "mid": "aVXGXwABAAGJdnzfpSF2sDLnfPE-", "rur": "\\"RVA\\\\05479931911485\\\\0541798765496:01fe986927cd03531a8f34c27a4faed777be5ed604b1f484a49f40b101d593afe36e4d4e\\"", "datr": "X8ZVaS44cZgca9QDAqf-EP7B", "ig_did": "E6637BBE-4032-46A7-AB1A-964E771E0518", "csrftoken": "M7AfUrgqTfGZkL0pneyYpUKTjBjRNT0D", "sessionid": "79931911485%3AEklBYMFaW07p6p%3A12%3AAYiZygd64QcgT8HBF-nnHfIEOWXmdqIqZfFn8toU2A", "ds_user_id": "79931911485"}		\N			2026-01-08 06:58:41.33011+00	1ef5ef2f-2101-4c94-8323-fcdf553853a0
b5a584a8-694e-4d30-8914-393de4f16e1b	freya23698	ACTIVE	79933671050%3AYAX4jel3iR7D66%3A12%3AAYgrdCC9iQCV6lwvPJQrEpCdMOPRR53XmqWLCXpzLQ	{"wd": "550x960", "mid": "aVS58AABAAFQlrG3dywRCfTQCgUc", "rur": "\\"RVA\\\\05479933671050\\\\0541798696535:01fe0a41c05dc3eb24fc1eb59061f573a9126eaa792b063c55edca0f5223a76338a564bd\\"", "datr": "8LlUaV7SBPAVL_tO7CaeEjrf", "ig_did": "FB6A10E2-44B4-4627-9581-5B1E66C5556B", "csrftoken": "aOs0v4PNQxVbc3oeJzwYvZaDM7qNUPEd", "sessionid": "79933671050%3AYAX4jel3iR7D66%3A12%3AAYgrdCC9iQCV6lwvPJQrEpCdMOPRR53XmqWLCXpzLQ", "ds_user_id": "79933671050"}		\N			2026-01-08 06:58:41.332156+00	1ef5ef2f-2101-4c94-8323-fcdf553853a0
9ff9752e-bfde-4af3-a2b6-9dcb03e49596	fuller_esme	ACTIVE	79939214769%3AMmy7uJKIiIS683%3A3%3AAYiZUx6KVlb_EUr67UIxi2ipnt-lpC6QkxutjKyCdg	{"wd": "550x960", "mid": "aVWKNwABAAHw_4T732nshbUcRNV7", "rur": "\\"LDC\\\\05479939214769\\\\0541798750005:01fe85805b22cd855638b6027d701bbf55c6938067f2cd6fe25534660af2ca0ff1a913b5\\"", "datr": "N4pVaYFJq59LtgN53lanRBVj", "ig_did": "63E5348E-06B1-4DFC-9EF5-DFD5357E1691", "csrftoken": "IKJS4wPoNiIKN2AEh2cwVpYYOgctMnFl", "sessionid": "79939214769%3AMmy7uJKIiIS683%3A3%3AAYiZUx6KVlb_EUr67UIxi2ipnt-lpC6QkxutjKyCdg", "ds_user_id": "79939214769"}		\N			2026-01-08 06:58:41.333789+00	1ef5ef2f-2101-4c94-8323-fcdf553853a0
a9da5989-9952-4981-81ff-b64de5546c72	gabrielle83650	ACTIVE	80161832226%3Ae7onOJyaTPlu65%3A18%3AAYjoF0zrG3gK6yAolB_bNCN_XIQ3grHcMY-mK5Z_Ow	{"wd": "550x960", "mid": "aVVlJgABAAHFxacB_-6xtrL4QPBi", "rur": "\\"NHA\\\\05480161832226\\\\0541798740452:01fefc4a54cd312c9953c484942f6896ba020eb5378b70367ee3e96d32f02b5487178da4\\"", "datr": "JmVVaSzkELxsVAqW8rsiwe3_", "ig_did": "4688FD3F-9531-4207-B893-9EC9419912F9", "csrftoken": "HPscDBkg14Ay2IbfMIkXzIB8DIQu4IOv", "sessionid": "80161832226%3Ae7onOJyaTPlu65%3A18%3AAYjoF0zrG3gK6yAolB_bNCN_XIQ3grHcMY-mK5Z_Ow", "ds_user_id": "80161832226"}		\N			2026-01-08 06:58:41.335555+00	1ef5ef2f-2101-4c94-8323-fcdf553853a0
9c9bf9ed-fb6e-4e8e-a8ad-73ba259ae24d	gemma84013	ACTIVE	80018832116%3Aj3WgrMV5X9tZv0%3A29%3AAYiueSziKb7DAmTiBoq_YK61bykIkowLR6ABfQvhgA	{"wd": "550x960", "mid": "aVU73wABAAEgmTdbMJcMcKwEQtmE", "rur": "\\"LDC\\\\05480018832116\\\\0541798729930:01fea5e9ed963f3bad7f5e1bbbdc20eec02d4aa379135a7dee405c46de8317196c00f466\\"", "datr": "3ztVaXhE7bB-K4b6n6DQpyB0", "ig_did": "2E2022A2-3A89-4109-AD0F-EBFD8DFDDF9C", "csrftoken": "ZqFgIckbIwiEaSo8r892UshzsRl7jhl3", "sessionid": "80018832116%3Aj3WgrMV5X9tZv0%3A29%3AAYiueSziKb7DAmTiBoq_YK61bykIkowLR6ABfQvhgA", "ds_user_id": "80018832116"}		\N			2026-01-08 06:58:41.337286+00	1ef5ef2f-2101-4c94-8323-fcdf553853a0
19a7be12-21e7-4f79-a154-5f02a67ccc44	georgina78607	ACTIVE	78122586733%3ADuTXLcU3AgHf2W%3A0%3AAYi6O_zNDuiy4gdMrhNzTIX-KPrnIDOUP6T_XqvxQQ	{"wd": "550x960", "mid": "aVTUtgABAAGSyPiY1RoDMPxkIobn", "rur": "\\"CLN\\\\05478122586733\\\\0541798703477:01fe5a0325290bb3324e26567d4f63523df2e9dc156afcba1cf508110817b40e1c8b052c\\"", "datr": "ttRUaSVjekeGX4D22f0CG5uA", "ig_did": "C0F88CB1-D0B5-40BF-B187-49D01399BB3E", "csrftoken": "rgBlSpCS90T0A60x0LFrVa6TkEG6RcoD", "sessionid": "78122586733%3ADuTXLcU3AgHf2W%3A0%3AAYi6O_zNDuiy4gdMrhNzTIX-KPrnIDOUP6T_XqvxQQ", "ds_user_id": "78122586733"}		\N			2026-01-08 06:58:41.338971+00	1ef5ef2f-2101-4c94-8323-fcdf553853a0
73f25b46-036c-4685-9c2b-846e012ad057	geraldine790435	ACTIVE	79653814307%3AbjOd7BiAnzyX3P%3A12%3AAYgKoBKcRd78TbYEc0TNxc6kogdquUzju_6gcOMX5g	{"wd": "550x960", "mid": "aVW1dgABAAE_LOHjnN_Lp3rsnrve", "rur": "\\"LDC\\\\05479653814307\\\\0541798761057:01fefdbc4010c90d932cda92f96754612ffc23f3b8ea840da2779a904b9905cd57e32ae8\\"", "datr": "drVVaYKM4R3js2ceS0qy7xpJ", "ig_did": "3FCE2AA4-C8B4-499D-8D41-3D1DAE7E4F61", "csrftoken": "9ZHWo5OFRP0kWVQL4328PsQd0MWLj7ry", "sessionid": "79653814307%3AbjOd7BiAnzyX3P%3A12%3AAYgKoBKcRd78TbYEc0TNxc6kogdquUzju_6gcOMX5g", "ds_user_id": "79653814307"}		\N			2026-01-08 06:58:41.340767+00	1ef5ef2f-2101-4c94-8323-fcdf553853a0
675297eb-532e-4001-a269-239e409cc352	gina90993	ACTIVE	79993961998%3AeDxyNkF7irAjBG%3A23%3AAYh1xr-BQ2xkacyGIm3UOzRSovtb4Gfr7jcah6hYGw	{"wd": "550x960", "mid": "aVTyOgABAAHBR05UGpsOkbWp23If", "rur": "\\"ODN\\\\05479993961998\\\\0541798711048:01fe2a459bf6421e4f502be320805f06bb19932ee3bdbb4a4eca8ffb1bf230ef80ac716a\\"", "datr": "OvJUaUpjvGoz7A16OayeygML", "ig_did": "EEA44E95-34C6-44D7-AF37-C084E3D0A03C", "csrftoken": "vNz1lL2L2C7znRo5acMFzV8fZNCVcS7m", "sessionid": "79993961998%3AeDxyNkF7irAjBG%3A23%3AAYh1xr-BQ2xkacyGIm3UOzRSovtb4Gfr7jcah6hYGw", "ds_user_id": "79993961998"}		\N			2026-01-08 06:58:41.342473+00	1ef5ef2f-2101-4c94-8323-fcdf553853a0
\.


--
-- Data for Name: interaction_campaigns; Type: TABLE DATA; Schema: public; Owner: -
--

COPY public.interaction_campaigns (id, name, action, status, target_url, bot_count, post_urls, comment_mode, manual_comments, ai_persona, ai_tone, ai_user_prompt, ai_use_image_context, ai_provider, ollama_model, created_at, started_at, finished_at, agency_id) FROM stdin;
\.


--
-- Data for Name: interaction_tasks; Type: TABLE DATA; Schema: public; Owner: -
--

COPY public.interaction_tasks (id, action, post_url, comment_text, status, attempts, next_retry_at, error_code, result_message, created_at, started_at, finished_at, agency_id, campaign_id, ig_account_id) FROM stdin;
\.


--
-- Data for Name: system_logs; Type: TABLE DATA; Schema: public; Owner: -
--

COPY public.system_logs (id, level, message, created_at) FROM stdin;
\.


--
-- Name: auth_group_id_seq; Type: SEQUENCE SET; Schema: public; Owner: -
--

SELECT pg_catalog.setval('public.auth_group_id_seq', 1, false);


--
-- Name: auth_group_permissions_id_seq; Type: SEQUENCE SET; Schema: public; Owner: -
--

SELECT pg_catalog.setval('public.auth_group_permissions_id_seq', 1, false);


--
-- Name: auth_permission_id_seq; Type: SEQUENCE SET; Schema: public; Owner: -
--

SELECT pg_catalog.setval('public.auth_permission_id_seq', 44, true);


--
-- Name: auth_user_groups_id_seq; Type: SEQUENCE SET; Schema: public; Owner: -
--

SELECT pg_catalog.setval('public.auth_user_groups_id_seq', 1, false);


--
-- Name: auth_user_id_seq; Type: SEQUENCE SET; Schema: public; Owner: -
--

SELECT pg_catalog.setval('public.auth_user_id_seq', 1, true);


--
-- Name: auth_user_user_permissions_id_seq; Type: SEQUENCE SET; Schema: public; Owner: -
--

SELECT pg_catalog.setval('public.auth_user_user_permissions_id_seq', 1, false);


--
-- Name: django_admin_log_id_seq; Type: SEQUENCE SET; Schema: public; Owner: -
--

SELECT pg_catalog.setval('public.django_admin_log_id_seq', 1, false);


--
-- Name: django_content_type_id_seq; Type: SEQUENCE SET; Schema: public; Owner: -
--

SELECT pg_catalog.setval('public.django_content_type_id_seq', 11, true);


--
-- Name: django_migrations_id_seq; Type: SEQUENCE SET; Schema: public; Owner: -
--

SELECT pg_catalog.setval('public.django_migrations_id_seq', 20, true);


--
-- Name: system_logs_id_seq; Type: SEQUENCE SET; Schema: public; Owner: -
--

SELECT pg_catalog.setval('public.system_logs_id_seq', 1, false);


--
-- Name: agencies agencies_pkey; Type: CONSTRAINT; Schema: public; Owner: -
--

ALTER TABLE ONLY public.agencies
    ADD CONSTRAINT agencies_pkey PRIMARY KEY (id);


--
-- Name: auth_group auth_group_name_key; Type: CONSTRAINT; Schema: public; Owner: -
--

ALTER TABLE ONLY public.auth_group
    ADD CONSTRAINT auth_group_name_key UNIQUE (name);


--
-- Name: auth_group_permissions auth_group_permissions_group_id_permission_id_0cd325b0_uniq; Type: CONSTRAINT; Schema: public; Owner: -
--

ALTER TABLE ONLY public.auth_group_permissions
    ADD CONSTRAINT auth_group_permissions_group_id_permission_id_0cd325b0_uniq UNIQUE (group_id, permission_id);


--
-- Name: auth_group_permissions auth_group_permissions_pkey; Type: CONSTRAINT; Schema: public; Owner: -
--

ALTER TABLE ONLY public.auth_group_permissions
    ADD CONSTRAINT auth_group_permissions_pkey PRIMARY KEY (id);


--
-- Name: auth_group auth_group_pkey; Type: CONSTRAINT; Schema: public; Owner: -
--

ALTER TABLE ONLY public.auth_group
    ADD CONSTRAINT auth_group_pkey PRIMARY KEY (id);


--
-- Name: auth_permission auth_permission_content_type_id_codename_01ab375a_uniq; Type: CONSTRAINT; Schema: public; Owner: -
--

ALTER TABLE ONLY public.auth_permission
    ADD CONSTRAINT auth_permission_content_type_id_codename_01ab375a_uniq UNIQUE (content_type_id, codename);


--
-- Name: auth_permission auth_permission_pkey; Type: CONSTRAINT; Schema: public; Owner: -
--

ALTER TABLE ONLY public.auth_permission
    ADD CONSTRAINT auth_permission_pkey PRIMARY KEY (id);


--
-- Name: auth_user_groups auth_user_groups_pkey; Type: CONSTRAINT; Schema: public; Owner: -
--

ALTER TABLE ONLY public.auth_user_groups
    ADD CONSTRAINT auth_user_groups_pkey PRIMARY KEY (id);


--
-- Name: auth_user_groups auth_user_groups_user_id_group_id_94350c0c_uniq; Type: CONSTRAINT; Schema: public; Owner: -
--

ALTER TABLE ONLY public.auth_user_groups
    ADD CONSTRAINT auth_user_groups_user_id_group_id_94350c0c_uniq UNIQUE (user_id, group_id);


--
-- Name: auth_user auth_user_pkey; Type: CONSTRAINT; Schema: public; Owner: -
--

ALTER TABLE ONLY public.auth_user
    ADD CONSTRAINT auth_user_pkey PRIMARY KEY (id);


--
-- Name: auth_user_user_permissions auth_user_user_permissions_pkey; Type: CONSTRAINT; Schema: public; Owner: -
--

ALTER TABLE ONLY public.auth_user_user_permissions
    ADD CONSTRAINT auth_user_user_permissions_pkey PRIMARY KEY (id);


--
-- Name: auth_user_user_permissions auth_user_user_permissions_user_id_permission_id_14a6b632_uniq; Type: CONSTRAINT; Schema: public; Owner: -
--

ALTER TABLE ONLY public.auth_user_user_permissions
    ADD CONSTRAINT auth_user_user_permissions_user_id_permission_id_14a6b632_uniq UNIQUE (user_id, permission_id);


--
-- Name: auth_user auth_user_username_key; Type: CONSTRAINT; Schema: public; Owner: -
--

ALTER TABLE ONLY public.auth_user
    ADD CONSTRAINT auth_user_username_key UNIQUE (username);


--
-- Name: django_admin_log django_admin_log_pkey; Type: CONSTRAINT; Schema: public; Owner: -
--

ALTER TABLE ONLY public.django_admin_log
    ADD CONSTRAINT django_admin_log_pkey PRIMARY KEY (id);


--
-- Name: django_content_type django_content_type_app_label_model_76bd3d3b_uniq; Type: CONSTRAINT; Schema: public; Owner: -
--

ALTER TABLE ONLY public.django_content_type
    ADD CONSTRAINT django_content_type_app_label_model_76bd3d3b_uniq UNIQUE (app_label, model);


--
-- Name: django_content_type django_content_type_pkey; Type: CONSTRAINT; Schema: public; Owner: -
--

ALTER TABLE ONLY public.django_content_type
    ADD CONSTRAINT django_content_type_pkey PRIMARY KEY (id);


--
-- Name: django_migrations django_migrations_pkey; Type: CONSTRAINT; Schema: public; Owner: -
--

ALTER TABLE ONLY public.django_migrations
    ADD CONSTRAINT django_migrations_pkey PRIMARY KEY (id);


--
-- Name: django_session django_session_pkey; Type: CONSTRAINT; Schema: public; Owner: -
--

ALTER TABLE ONLY public.django_session
    ADD CONSTRAINT django_session_pkey PRIMARY KEY (session_key);


--
-- Name: ig_accounts ig_accounts_pkey; Type: CONSTRAINT; Schema: public; Owner: -
--

ALTER TABLE ONLY public.ig_accounts
    ADD CONSTRAINT ig_accounts_pkey PRIMARY KEY (id);


--
-- Name: interaction_campaigns interaction_campaigns_pkey; Type: CONSTRAINT; Schema: public; Owner: -
--

ALTER TABLE ONLY public.interaction_campaigns
    ADD CONSTRAINT interaction_campaigns_pkey PRIMARY KEY (id);


--
-- Name: interaction_tasks interaction_tasks_pkey; Type: CONSTRAINT; Schema: public; Owner: -
--

ALTER TABLE ONLY public.interaction_tasks
    ADD CONSTRAINT interaction_tasks_pkey PRIMARY KEY (id);


--
-- Name: system_logs system_logs_pkey; Type: CONSTRAINT; Schema: public; Owner: -
--

ALTER TABLE ONLY public.system_logs
    ADD CONSTRAINT system_logs_pkey PRIMARY KEY (id);


--
-- Name: interaction_tasks uq_task_unique_action; Type: CONSTRAINT; Schema: public; Owner: -
--

ALTER TABLE ONLY public.interaction_tasks
    ADD CONSTRAINT uq_task_unique_action UNIQUE (campaign_id, ig_account_id, action, post_url);


--
-- Name: auth_group_name_a6ea08ec_like; Type: INDEX; Schema: public; Owner: -
--

CREATE INDEX auth_group_name_a6ea08ec_like ON public.auth_group USING btree (name varchar_pattern_ops);


--
-- Name: auth_group_permissions_group_id_b120cbf9; Type: INDEX; Schema: public; Owner: -
--

CREATE INDEX auth_group_permissions_group_id_b120cbf9 ON public.auth_group_permissions USING btree (group_id);


--
-- Name: auth_group_permissions_permission_id_84c5c92e; Type: INDEX; Schema: public; Owner: -
--

CREATE INDEX auth_group_permissions_permission_id_84c5c92e ON public.auth_group_permissions USING btree (permission_id);


--
-- Name: auth_permission_content_type_id_2f476e4b; Type: INDEX; Schema: public; Owner: -
--

CREATE INDEX auth_permission_content_type_id_2f476e4b ON public.auth_permission USING btree (content_type_id);


--
-- Name: auth_user_groups_group_id_97559544; Type: INDEX; Schema: public; Owner: -
--

CREATE INDEX auth_user_groups_group_id_97559544 ON public.auth_user_groups USING btree (group_id);


--
-- Name: auth_user_groups_user_id_6a12ed8b; Type: INDEX; Schema: public; Owner: -
--

CREATE INDEX auth_user_groups_user_id_6a12ed8b ON public.auth_user_groups USING btree (user_id);


--
-- Name: auth_user_user_permissions_permission_id_1fbb5f2c; Type: INDEX; Schema: public; Owner: -
--

CREATE INDEX auth_user_user_permissions_permission_id_1fbb5f2c ON public.auth_user_user_permissions USING btree (permission_id);


--
-- Name: auth_user_user_permissions_user_id_a95ead1b; Type: INDEX; Schema: public; Owner: -
--

CREATE INDEX auth_user_user_permissions_user_id_a95ead1b ON public.auth_user_user_permissions USING btree (user_id);


--
-- Name: auth_user_username_6821ab7c_like; Type: INDEX; Schema: public; Owner: -
--

CREATE INDEX auth_user_username_6821ab7c_like ON public.auth_user USING btree (username varchar_pattern_ops);


--
-- Name: django_admin_log_content_type_id_c4bce8eb; Type: INDEX; Schema: public; Owner: -
--

CREATE INDEX django_admin_log_content_type_id_c4bce8eb ON public.django_admin_log USING btree (content_type_id);


--
-- Name: django_admin_log_user_id_c564eba6; Type: INDEX; Schema: public; Owner: -
--

CREATE INDEX django_admin_log_user_id_c564eba6 ON public.django_admin_log USING btree (user_id);


--
-- Name: django_session_expire_date_a5c62663; Type: INDEX; Schema: public; Owner: -
--

CREATE INDEX django_session_expire_date_a5c62663 ON public.django_session USING btree (expire_date);


--
-- Name: django_session_session_key_c0390e0f_like; Type: INDEX; Schema: public; Owner: -
--

CREATE INDEX django_session_session_key_c0390e0f_like ON public.django_session USING btree (session_key varchar_pattern_ops);


--
-- Name: ig_accounts_agency_id_0d2bfb1a; Type: INDEX; Schema: public; Owner: -
--

CREATE INDEX ig_accounts_agency_id_0d2bfb1a ON public.ig_accounts USING btree (agency_id);


--
-- Name: interaction_campaig_ed1edd_idx; Type: INDEX; Schema: public; Owner: -
--

CREATE INDEX interaction_campaig_ed1edd_idx ON public.interaction_tasks USING btree (campaign_id);


--
-- Name: interaction_campaigns_agency_id_7724c6af; Type: INDEX; Schema: public; Owner: -
--

CREATE INDEX interaction_campaigns_agency_id_7724c6af ON public.interaction_campaigns USING btree (agency_id);


--
-- Name: interaction_ig_acco_728165_idx; Type: INDEX; Schema: public; Owner: -
--

CREATE INDEX interaction_ig_acco_728165_idx ON public.interaction_tasks USING btree (ig_account_id);


--
-- Name: interaction_status_28f2dd_idx; Type: INDEX; Schema: public; Owner: -
--

CREATE INDEX interaction_status_28f2dd_idx ON public.interaction_tasks USING btree (status, next_retry_at);


--
-- Name: interaction_tasks_agency_id_42f5df1e; Type: INDEX; Schema: public; Owner: -
--

CREATE INDEX interaction_tasks_agency_id_42f5df1e ON public.interaction_tasks USING btree (agency_id);


--
-- Name: interaction_tasks_campaign_id_894dfe04; Type: INDEX; Schema: public; Owner: -
--

CREATE INDEX interaction_tasks_campaign_id_894dfe04 ON public.interaction_tasks USING btree (campaign_id);


--
-- Name: interaction_tasks_ig_account_id_e36e2419; Type: INDEX; Schema: public; Owner: -
--

CREATE INDEX interaction_tasks_ig_account_id_e36e2419 ON public.interaction_tasks USING btree (ig_account_id);


--
-- Name: auth_group_permissions auth_group_permissio_permission_id_84c5c92e_fk_auth_perm; Type: FK CONSTRAINT; Schema: public; Owner: -
--

ALTER TABLE ONLY public.auth_group_permissions
    ADD CONSTRAINT auth_group_permissio_permission_id_84c5c92e_fk_auth_perm FOREIGN KEY (permission_id) REFERENCES public.auth_permission(id) DEFERRABLE INITIALLY DEFERRED;


--
-- Name: auth_group_permissions auth_group_permissions_group_id_b120cbf9_fk_auth_group_id; Type: FK CONSTRAINT; Schema: public; Owner: -
--

ALTER TABLE ONLY public.auth_group_permissions
    ADD CONSTRAINT auth_group_permissions_group_id_b120cbf9_fk_auth_group_id FOREIGN KEY (group_id) REFERENCES public.auth_group(id) DEFERRABLE INITIALLY DEFERRED;


--
-- Name: auth_permission auth_permission_content_type_id_2f476e4b_fk_django_co; Type: FK CONSTRAINT; Schema: public; Owner: -
--

ALTER TABLE ONLY public.auth_permission
    ADD CONSTRAINT auth_permission_content_type_id_2f476e4b_fk_django_co FOREIGN KEY (content_type_id) REFERENCES public.django_content_type(id) DEFERRABLE INITIALLY DEFERRED;


--
-- Name: auth_user_groups auth_user_groups_group_id_97559544_fk_auth_group_id; Type: FK CONSTRAINT; Schema: public; Owner: -
--

ALTER TABLE ONLY public.auth_user_groups
    ADD CONSTRAINT auth_user_groups_group_id_97559544_fk_auth_group_id FOREIGN KEY (group_id) REFERENCES public.auth_group(id) DEFERRABLE INITIALLY DEFERRED;


--
-- Name: auth_user_groups auth_user_groups_user_id_6a12ed8b_fk_auth_user_id; Type: FK CONSTRAINT; Schema: public; Owner: -
--

ALTER TABLE ONLY public.auth_user_groups
    ADD CONSTRAINT auth_user_groups_user_id_6a12ed8b_fk_auth_user_id FOREIGN KEY (user_id) REFERENCES public.auth_user(id) DEFERRABLE INITIALLY DEFERRED;


--
-- Name: auth_user_user_permissions auth_user_user_permi_permission_id_1fbb5f2c_fk_auth_perm; Type: FK CONSTRAINT; Schema: public; Owner: -
--

ALTER TABLE ONLY public.auth_user_user_permissions
    ADD CONSTRAINT auth_user_user_permi_permission_id_1fbb5f2c_fk_auth_perm FOREIGN KEY (permission_id) REFERENCES public.auth_permission(id) DEFERRABLE INITIALLY DEFERRED;


--
-- Name: auth_user_user_permissions auth_user_user_permissions_user_id_a95ead1b_fk_auth_user_id; Type: FK CONSTRAINT; Schema: public; Owner: -
--

ALTER TABLE ONLY public.auth_user_user_permissions
    ADD CONSTRAINT auth_user_user_permissions_user_id_a95ead1b_fk_auth_user_id FOREIGN KEY (user_id) REFERENCES public.auth_user(id) DEFERRABLE INITIALLY DEFERRED;


--
-- Name: django_admin_log django_admin_log_content_type_id_c4bce8eb_fk_django_co; Type: FK CONSTRAINT; Schema: public; Owner: -
--

ALTER TABLE ONLY public.django_admin_log
    ADD CONSTRAINT django_admin_log_content_type_id_c4bce8eb_fk_django_co FOREIGN KEY (content_type_id) REFERENCES public.django_content_type(id) DEFERRABLE INITIALLY DEFERRED;


--
-- Name: django_admin_log django_admin_log_user_id_c564eba6_fk_auth_user_id; Type: FK CONSTRAINT; Schema: public; Owner: -
--

ALTER TABLE ONLY public.django_admin_log
    ADD CONSTRAINT django_admin_log_user_id_c564eba6_fk_auth_user_id FOREIGN KEY (user_id) REFERENCES public.auth_user(id) DEFERRABLE INITIALLY DEFERRED;


--
-- Name: ig_accounts ig_accounts_agency_id_0d2bfb1a_fk_agencies_id; Type: FK CONSTRAINT; Schema: public; Owner: -
--

ALTER TABLE ONLY public.ig_accounts
    ADD CONSTRAINT ig_accounts_agency_id_0d2bfb1a_fk_agencies_id FOREIGN KEY (agency_id) REFERENCES public.agencies(id) DEFERRABLE INITIALLY DEFERRED;


--
-- Name: interaction_campaigns interaction_campaigns_agency_id_7724c6af_fk_agencies_id; Type: FK CONSTRAINT; Schema: public; Owner: -
--

ALTER TABLE ONLY public.interaction_campaigns
    ADD CONSTRAINT interaction_campaigns_agency_id_7724c6af_fk_agencies_id FOREIGN KEY (agency_id) REFERENCES public.agencies(id) DEFERRABLE INITIALLY DEFERRED;


--
-- Name: interaction_tasks interaction_tasks_agency_id_42f5df1e_fk_agencies_id; Type: FK CONSTRAINT; Schema: public; Owner: -
--

ALTER TABLE ONLY public.interaction_tasks
    ADD CONSTRAINT interaction_tasks_agency_id_42f5df1e_fk_agencies_id FOREIGN KEY (agency_id) REFERENCES public.agencies(id) DEFERRABLE INITIALLY DEFERRED;


--
-- Name: interaction_tasks interaction_tasks_campaign_id_894dfe04_fk_interacti; Type: FK CONSTRAINT; Schema: public; Owner: -
--

ALTER TABLE ONLY public.interaction_tasks
    ADD CONSTRAINT interaction_tasks_campaign_id_894dfe04_fk_interacti FOREIGN KEY (campaign_id) REFERENCES public.interaction_campaigns(id) DEFERRABLE INITIALLY DEFERRED;


--
-- Name: interaction_tasks interaction_tasks_ig_account_id_e36e2419_fk_ig_accounts_id; Type: FK CONSTRAINT; Schema: public; Owner: -
--

ALTER TABLE ONLY public.interaction_tasks
    ADD CONSTRAINT interaction_tasks_ig_account_id_e36e2419_fk_ig_accounts_id FOREIGN KEY (ig_account_id) REFERENCES public.ig_accounts(id) DEFERRABLE INITIALLY DEFERRED;


--
-- PostgreSQL database dump complete
--

\unrestrict m5U7wYDxrSTkxVCGkjE9fnp9IkfD5mhlW0ip17FhnBTOW63vLEkqMkdrgbKJwmp

